1;3;PET MOLIDO (NACIONAL);;1;1;13;1;1;1;;0;2021-12-08;1;ACTIVO
2;45872000383;TACHOS BASURA ABATIBLE;;1;1;23;1;1;1;;0;2021-12-08;1;ACTIVO
3;45872002479;PLATERA BLANCA;;1;1;23;1;1;1;;0;2021-12-08;1;ACTIVO
4;45872090247;PLATERA GRANITO;;1;1;23;1;1;1;;0;2021-12-08;1;ACTIVO
5;45872200240;PLATERA TRANSPARENTE;;1;1;23;1;1;1;;0;2021-12-08;1;ACTIVO
6;45872720243;PLATERA VERDE;;1;1;23;1;1;1;;0;2021-12-08;1;ACTIVO
7;ADIMLLMARLE;MLLDPE C/A M.I 1 MARLEX D139K;;1;1;26;1;1;1;;0;2021-12-08;1;ACTIVO
8;ADITUV236;ADITIVO QUIMICAL MB UV 236;;1;1;26;1;1;1;;0;2021-12-08;1;ACTIVO
9;ADITUV720;ADITIVO UV 720 AO;;1;1;26;1;1;1;;0;2021-12-08;1;ACTIVO
10;ADI-UV;ADITIVO UV -740;;1;1;26;1;1;1;;0;2021-12-08;1;ACTIVO
11;ADIUV800LL;ADITIVO UV 800LL;;1;1;26;1;1;1;;0;2021-12-08;1;ACTIVO
12;ADIUVPSYNCH;ADITIVO UVP SINSORB-P CIPEQ;;1;1;26;1;1;1;;0;2021-12-08;1;ACTIVO
13;ADPA01;ADITIVO PA01 PROVELAN;;1;1;26;1;1;1;;0;2021-12-08;1;ACTIVO
14;ADUV12770PR;ADITIVO UV 12770 PROVELAN;;1;1;26;1;1;1;;0;2021-12-08;1;ACTIVO
15;AGLOM;AGLOMERADORA MOTOR 50 HP;;1;1;17;1;1;1;;0;2021-12-08;1;ACTIVO
16;AGLOMERADOR;AGLOMERADORA CON MOTOR 50HP;;1;1;17;1;1;1;;0;2021-12-08;1;ACTIVO
17;AMA5K1000V1;ZUNCH AMARILLO 5KG 5MM 1000MT V1;;1;1;16;1;1;1;;0;2021-12-08;1;ACTIVO
18;AMA5K1000V3;ZUNCH AMARILLO 5KG 5MM 1000MT;;1;1;16;1;1;1;;0;2021-12-08;1;ACTIVO
19;ANTSYNOB215;ANTIOXIDANTE SYNOX - B215;;1;1;26;1;1;1;;0;2021-12-08;1;ACTIVO
20;APADITPOLIP;POLIPROPILENO ADITIVO AP;;1;1;26;1;1;1;;0;2021-12-08;1;ACTIVO
21;ARRIENDO;REPOSICION ARRIENDO PROPC BODEGA;;1;1;9;1;1;1;;0;2021-12-08;1;ACTIVO
22;AZU5K1000V1;ZUNCH AZUL 5KG 5MM 1000MT V1;;1;1;16;1;1;1;;0;2021-12-08;1;ACTIVO
23;AZULCALEXPO;AZUL CALIDAD EXPORTACION INTERCIA;;1;1;13;1;1;1;;0;2021-12-08;1;ACTIVO
24;BALDE10L;BALDE PLASTICO 10L;;1;1;23;1;1;1;;0;2021-12-08;1;ACTIVO
25;BALDE12L;BALDE PLASTICO 12L;;1;1;23;1;1;1;;0;2021-12-08;1;ACTIVO
26;BANA0001;BANAVINCHAS;;1;1;6;1;1;1;;0;2021-12-08;1;ACTIVO
27;BASBAGPET;BASURA BAGSA PET;;1;1;27;1;1;1;;0;2021-12-08;1;ACTIVO
28;BASPOLPBAGS;BASURA POLIPROPILENO BAGSA;;1;1;27;1;1;1;;0;2021-12-08;1;ACTIVO
29;BASUR;BASURA/ PURGA;;1;1;13;1;1;1;;0;2021-12-08;1;ACTIVO
30;BOBICAR8.2;"BOBINAS DE CARTON 8.2""*7MM*20CM";;1;1;29;1;1;1;;0;2021-12-08;1;ACTIVO
31;BOPLASSANR;BOTELLON PLASTICO SANREVGUA;;1;1;13;1;1;1;;0;2021-12-08;1;ACTIVO
32;BUHLERCLAR1;BUHLER CLARO INTERCIA;;1;1;13;1;1;1;;0;2021-12-08;1;ACTIVO
33;BUHLERETCLA;BUHLER RETORNABLE CLARO INTERCIA;;1;1;13;1;1;1;;0;2021-12-08;1;ACTIVO
34;BUHLERVERDE;BUHLER VERDE INTERCIA;;1;1;13;1;1;1;;0;2021-12-08;1;ACTIVO
35;BULT0000001;BULTOS DE RECUPERADO;;1;1;12;1;1;1;;0;2021-12-08;1;ACTIVO
36;CABAZ000001;CABO FINO AZUL 1H25 ;;1;1;2;1;1;1;;0;2021-12-08;1;ACTIVO
37;CABBC 00005;CABO BICOLOR NEGRO NARANJA 5.35 KG;;1;1;2;1;1;1;;0;2021-12-08;1;ACTIVO
38;CABBC000002;CABO NARANJA 4.5 KG 1/8;;1;1;2;1;1;1;;0;2021-12-08;1;ACTIVO
39;CABBC000004;CABO BICOLOR NEGRO AMARILLO;;1;1;2;1;1;1;;0;2021-12-08;1;ACTIVO
40;CABBC00003;CABO BICOLOR NEGRO NARANJA 1/8;;1;1;2;1;1;1;;0;2021-12-08;1;ACTIVO
41;CABBNA00002;CABO FINO NARANJA 1H21 5KG;;1;1;2;1;1;1;;0;2021-12-08;1;ACTIVO
42;CABBNEG0002;CABO FINO NEGRO 1H25 5 KG;;1;1;2;1;1;1;;0;2021-12-08;1;ACTIVO
43;CABFIN0005;CABO FINO BLANCO TRANSPARENTE 1H21;;1;1;2;1;1;1;;0;2021-12-08;1;ACTIVO
44;CABICOL1H30;ROLLO CABO 5KG BICOLOR 1H30;;1;1;31;1;1;1;;0;2021-12-08;1;ACTIVO
45;CABICOL5;CABO BICOLOR 1H40  5KG;;1;1;2;1;1;1;;0;2021-12-08;1;ACTIVO
46;CABMUESTRA5;CABOS DE MUESTRA;;1;1;2;1;1;1;;0;2021-12-08;1;ACTIVO
47;CABNAR00001;CABO NARANJA 1H25;;1;1;2;1;1;1;;0;2021-12-08;1;ACTIVO
48;CABNARA1KG;CABO 1H25 NARANJA 1KG;;1;1;2;1;1;1;;0;2021-12-08;1;ACTIVO
49;CABNARANJ;CABO NARANJA 1H25 4.54 KG;;1;1;2;1;1;1;;0;2021-12-08;1;ACTIVO
50;CABNARJ454;CABO 1H21 NARANJ 5 KG K #2;;1;1;2;1;1;1;;0;2021-12-08;1;ACTIVO
51;CABNEG1H25;ROLLO CABO 5 KG NEGRO 1H25;;1;1;31;1;1;1;;0;2021-12-08;1;ACTIVO
52;CABNEG1H30;ROLLO CABO 5 KG NEGRO 1H30;;1;1;31;1;1;1;;0;2021-12-08;1;ACTIVO
53;CABNEGRO5KG;CABO 1-PX25 NEGRO REPROC 5KG;;1;1;2;1;1;1;;0;2021-12-08;1;ACTIVO
54;CABOPPPROC;CABO PP HACIENDA A PROCESAR;;1;1;9;1;1;1;;0;2021-12-08;1;ACTIVO
55;CABTR000001;CABO TRANSPARENTE 4.5 KG;;1;1;2;1;1;1;;0;2021-12-08;1;ACTIVO
56;CAJA ZAPATO;CAJA PLASTICA PARA ZAPATOS;;1;1;23;1;1;1;;0;2021-12-08;1;ACTIVO
57;CAJAPLAST;CAJA PLASTICA;;1;1;23;1;1;1;;0;2021-12-08;1;ACTIVO
58;CANA1H21454;CABO 1H21 NARANJA  4.5KG #2;;1;1;32;1;1;1;;0;2021-12-08;1;ACTIVO
59;CANA1H25SC;CABO NARANJA 1H25 4.54KG C;;1;1;32;1;1;1;;0;2021-12-08;1;ACTIVO
60;CANASTILL;CANASTILLA PLASTICA;;1;1;23;1;1;1;;0;2021-12-08;1;ACTIVO
61;CAONARA5KG;CABO NARANJA 5KG K;;1;1;2;1;1;1;;0;2021-12-08;1;ACTIVO
62;CBANANAR5KG;CABO BANANERO NARANJA 5KG K;;1;1;2;1;1;1;;0;2021-12-08;1;ACTIVO
63;CE24000DNAZ;CINTA ECOLOGICA 24000 DENIER AZUL;;1;1;7;1;1;1;;0;2021-12-08;1;ACTIVO
64;CEST PLAS;CESTO PLASTICO 63*45 CM;;1;1;23;1;1;1;;0;2021-12-08;1;ACTIVO
65;CINA0000001;CINTA DE AMARRE NEGRO;;1;1;7;1;1;1;;0;2021-12-08;1;ACTIVO
66;CINATUPAPEL;CINTA NATURAL PARA PELETIZAR;;1;1;23;1;1;1;;0;2021-12-08;1;ACTIVO
67;CINBAN00001;CINTA BANANERA CAFE;;1;1;7;1;1;1;;0;2021-12-08;1;ACTIVO
68;CINBAN00003;CINTA BANANERA AMARILLA;;1;1;7;1;1;1;;0;2021-12-08;1;ACTIVO
69;CINBAN00004;CINTA BANANERA ROJA;;1;1;7;1;1;1;;0;2021-12-08;1;ACTIVO
70;CINBAN00005;CINTA BANANERA AZUL;;1;1;7;1;1;1;;0;2021-12-08;1;ACTIVO
71;CINBAN00006;CINTA BANANERA BLANCO;;1;1;7;1;1;1;;0;2021-12-08;1;ACTIVO
72;CINBAN00007;CINTA BANANERA NEGRA;;1;1;7;1;1;1;;0;2021-12-08;1;ACTIVO
73;CINBAN00008;CINTA BANANERA PLOMO;;1;1;7;1;1;1;;0;2021-12-08;1;ACTIVO
74;CINBAN00009;CINTA BANANERA NARANJA;;1;1;7;1;1;1;;0;2021-12-08;1;ACTIVO
75;CINBAN00010;CINTA BANANERA VERDE;;1;1;7;1;1;1;;0;2021-12-08;1;ACTIVO
76;CINBAN002;CINTA BANANERA LILA;;1;1;7;1;1;1;;0;2021-12-08;1;ACTIVO
77;CINCABNAR;CINTA DE CABO NARANJA;;1;1;2;1;1;1;;0;2021-12-08;1;ACTIVO
78;CINCABNEG;CINTA DE CABO NEGRO;;1;1;2;1;1;1;;0;2021-12-08;1;ACTIVO
79;CINCABPRUVA;CINTA CABO PRUEBAS VARIOS COLORES (5KG);;1;1;31;1;1;1;;0;2021-12-08;1;ACTIVO
80;CINMA000001;CINTA MASKING TAPE 24X40;;1;1;7;1;1;1;;0;2021-12-08;1;ACTIVO
81;CINSTR00001;CINTA STRECH FILM 5 PULG;;1;1;20;1;1;1;;0;2021-12-08;1;ACTIVO
82;CINTAHI;CINTA DE HILO VERDE 1000;;1;1;2;1;1;1;;0;2021-12-08;1;ACTIVO
83;CINTAHIN;CINTA DE HILO NARANJA;;1;1;2;1;1;1;;0;2021-12-08;1;ACTIVO
84;CINTAMC12CM;CINTA STRETCH FILM FULLPACK 12CM AMC;;1;1;20;1;1;1;;0;2021-12-08;1;ACTIVO
85;CINTFIL25CM;CINTA FILM 25 CM AMC;;1;1;20;1;1;1;;0;2021-12-08;1;ACTIVO
86;CINTFIL50CM;CINTA FILM 50 CM AMC;;1;1;20;1;1;1;;0;2021-12-08;1;ACTIVO
87;CINTNATSTRE;CINTA NATURAL STRECH FILM 12;;1;1;20;1;1;1;;0;2021-12-08;1;ACTIVO
88;CINTR000001;CINTA TRANSPARENTE DE EMPAQUE;;1;1;24;1;1;1;;0;2021-12-08;1;ACTIVO
89;CINTR000002;CINTA TRANSPARENTE NOVO;;1;1;7;1;1;1;;0;2021-12-08;1;ACTIVO
90;CINTSTRE25;CINTA ST STRETCH 25;;1;1;20;1;1;1;;0;2021-12-08;1;ACTIVO
91;CLEAN000001;CLEAN HDPE;;1;1;15;1;1;1;;0;2021-12-08;1;ACTIVO
92;CLEANHDPE;PURGA CLEAN HDPE PROVELAN;;1;1;15;1;1;1;;0;2021-12-08;1;ACTIVO
93;CLISE DIGT;CLISE DIGITAL 8*32 CM 112 DPL;;1;1;14;1;1;1;;0;2021-12-08;1;ACTIVO
94;CLISEDIG;CLISE DIGITAL 12X37 CM 112 DPL;;1;1;20;1;1;1;;0;2021-12-08;1;ACTIVO
95;COLAPLASTIC;COLADOR PLASTICO;;1;1;23;1;1;1;;0;2021-12-08;1;ACTIVO
96;COLGVAGANCH;COLGADOR BASICO VARIOS GANCHOS;;1;1;23;1;1;1;;0;2021-12-08;1;ACTIVO
97;COPO000001;COPOLIMERO I. 06C30DA;;1;1;12;1;1;1;;0;2021-12-08;1;ACTIVO
98;COPO000002;COPOLIMERO 06C30DA;;1;1;12;1;1;1;;0;2021-12-08;1;ACTIVO
99;COPOMI00001;COPOLIMERO M I INYECCION ;;1;1;19;1;1;1;;0;2021-12-08;1;ACTIVO
100;COR2X32X0;COR 2X32X0.00300 BD AZU01 1% PIR;;1;1;14;1;1;1;;0;2021-12-08;1;ACTIVO
101;CORB0000001;CORBATINES ;;1;1;17;1;1;1;;0;2021-12-08;1;ACTIVO
102;DESP000001;RECICLADO PARA PALETIZAR (VENTA);;1;1;9;1;1;1;;0;2021-12-08;1;ACTIVO
103;DESPBUHLER0;MP DESPERDICIO BUHLER;;1;1;13;1;1;1;;0;2021-12-08;1;ACTIVO
104;DESPERD;MATERIAL PARA PALETIZAR;;1;1;12;1;1;1;;0;2021-12-08;1;ACTIVO
105;DESPERDICIO;DESPERDICIO PLANTA 2;;1;1;27;1;1;1;;0;2021-12-08;1;ACTIVO
106;DESPET;PET RECICLADO;;1;1;13;1;1;1;;0;2021-12-08;1;ACTIVO
107;DESPET001;RECICLADO PARA MOLER PET;;1;1;13;1;1;1;;0;2021-12-08;1;ACTIVO
108;DESPETMAX;PET RECICLADO MAX;;1;1;13;1;1;1;;0;2021-12-08;1;ACTIVO
109;DIFMAT00001;DIFERENCIA MATERIA PRIMA;;1;1;5;1;1;1;;0;2021-12-08;1;ACTIVO
110;DIFPRO00002;DIFERENCIA PRODUCTO TERMINADO;;1;1;12;1;1;1;;0;2021-12-08;1;ACTIVO
111;DIOXIDOTITA;DIOXIDO DE TITANIO DAWN-2195;;1;1;10;1;1;1;;0;2021-12-08;1;ACTIVO
112;DSPERDICPLA;DESPERDICIO PLANTA 1;;1;1;27;1;1;1;;0;2021-12-08;1;ACTIVO
113;ESPEJOPBANO;ESPEJO P BANO C MARCO PLASTICO;;1;1;23;1;1;1;;0;2021-12-08;1;ACTIVO
114;ESTR0000001;ESTRUSORA DE PLASTICO;;1;1;18;1;1;1;;0;2021-12-08;1;ACTIVO
115;ETCINCAB;ETIQUETA CINTA DE CABO;;1;1;24;1;1;1;;0;2021-12-08;1;ACTIVO
116;ETIADDURA2;ETIQUETA ADHESIVA DURAFLEX NUEVA;;1;1;24;1;1;1;;0;2021-12-08;1;ACTIVO
117;ETIADRINDE1;ETIQUETAS ADHESIVAS RINDEMAX ANTIGUAS;;1;1;24;1;1;1;;0;2021-12-08;1;ACTIVO
118;ETIADRINDE2;ETIQUETA ADHESIVA RINDEMAX NUEVAS;;1;1;24;1;1;1;;0;2021-12-08;1;ACTIVO
119;ETIDURAANT1;ETIQUETA ADHESIVA DURAFLEX ANTIGUA;;1;1;24;1;1;1;;0;2021-12-08;1;ACTIVO
120;ETIPRO001;ETIQUETA ROTULO PALETS;;1;1;17;1;1;1;;0;2021-12-08;1;ACTIVO
121;ETITAPA;CAP&LABEL GROUND 440 ETIQ Y TAPAS ;;1;1;13;1;1;1;;0;2021-12-08;1;ACTIVO
122;ETQ00000001;ETIQUETA PROPALCOTE CON IMPRESAS;;1;1;7;1;1;1;;0;2021-12-08;1;ACTIVO
123;FDA.MGA34X7;FUND.MGA34X72X0.00050 AD BLA01 1%BIF PIN;;1;1;14;1;1;1;;0;2021-12-08;1;ACTIVO
124;FIBRA001;FIBRA;;1;1;3;1;1;1;;0;2021-12-08;1;ACTIVO
125;FIBRAPOLIES;FIBRA DE POLIESTER ESTRUCTURAL;;1;1;19;1;1;1;;0;2021-12-08;1;ACTIVO
126;FUND0000002;FUNDAS DE 32 X 68 X 0.35;;1;1;14;1;1;1;;0;2021-12-08;1;ACTIVO
127;FUND0000003;FUNDAS BIFLEXTUBO 34 X 72 X 0.5;;1;1;14;1;1;1;;0;2021-12-08;1;ACTIVO
128;FUND0000004;FUNDAS TREETUBOS  32 X 72 X 0.7;;1;1;14;1;1;1;;0;2021-12-08;1;ACTIVO
129;FUND0000006;FUNDAS TREETUBOS 32 X 68 X 0.3;;1;1;14;1;1;1;;0;2021-12-08;1;ACTIVO
130;FUND0000007;FUNDAS BIFLEXTUBO 34 X 70 X 0.5;;1;1;14;1;1;1;;0;2021-12-08;1;ACTIVO
131;FUND0000008;FUNDAS TREETUBOS 32 X 68 X 0.35;;1;1;14;1;1;1;;0;2021-12-08;1;ACTIVO
132;FUND0000009;FUNDAS 34 X 72 X 0.00070 AD VERO1 1%BIF ;;1;1;14;1;1;1;;0;2021-12-08;1;ACTIVO
133;FUNDA;EVA ADT-240;;1;1;5;1;1;1;;0;2021-12-08;1;ACTIVO
134;FUNDPLA;FUNDAS MGA 34X68X5.000 1% BIF PIN;;1;1;14;1;1;1;;0;2021-12-08;1;ACTIVO
135;FUNDTRA28*3;FUNDAS TRANSPAR FUNDAS PLASTIC 28*39*13;;1;1;23;1;1;1;;0;2021-12-08;1;ACTIVO
136;FUNMGA;FUND.MGA36X74X0.00060 BLA01 1% BIF;;1;1;14;1;1;1;;0;2021-12-08;1;ACTIVO
137;FUNTRAN26*4;FUNDAS TRANSPAR FUNDAS PLASTIC 26*40*13;;1;1;23;1;1;1;;0;2021-12-08;1;ACTIVO
138;GARRA;GOMA SINTECOL BIDON/5G;;1;1;22;1;1;1;;0;2021-12-08;1;ACTIVO
139;GARRAD;GOMA DURACOL BIDON 5 G;;1;1;22;1;1;1;;0;2021-12-08;1;ACTIVO
140;GFA8315;GARRAFA C 8315 20 KILOS;;1;1;22;1;1;1;;0;2021-12-08;1;ACTIVO
141;GRI6K1300V4;ZUNCH GRIS 6KG 1300MT;;1;1;16;1;1;1;;0;2021-12-08;1;ACTIVO
142;HDF8000;HDPE FILM M.I HDF8000 NUTEC;;1;1;26;1;1;1;;0;2021-12-08;1;ACTIVO
143;INDIPP1030;INDIAN OIL PP RAFFIA 1030 RG;;1;1;12;1;1;1;;0;2021-12-08;1;ACTIVO
144;JAVAMOLI;JAVAS MOLIDAS ZUÑIGA;;1;1;13;1;1;1;;0;2021-12-08;1;ACTIVO
145;JAVAMOLICAF;JAVAS MOLIDAS ZUÑIGA CAFE;;1;1;13;1;1;1;;0;2021-12-08;1;ACTIVO
146;JAVMOZUAMA;JAVAS MOLIDAS ZUÑIGA AMARILLA;;1;1;13;1;1;1;;0;2021-12-08;1;ACTIVO
147;LAMINA00001;LAMINADO PET;;1;1;9;1;1;1;;0;2021-12-08;1;ACTIVO
148;LAMINCERSA;LAMINADO CERSA;;1;1;13;1;1;1;;0;2021-12-08;1;ACTIVO
149;LDF0025;LDPE IND M.I.025 LDF0025 NUTEC;;1;1;26;1;1;1;;0;2021-12-08;1;ACTIVO
150;LDPE0223;LDPE IND LDF0223;;1;1;19;1;1;1;;0;2021-12-08;1;ACTIVO
151;LDPEIND7003;LDPE IND TX7003;;1;1;19;1;1;1;;0;2021-12-08;1;ACTIVO
152;LDPEINDMI02;LDPE IND MI-0.25 EMERAUDE;;1;1;19;1;1;1;;0;2021-12-08;1;ACTIVO
153;LDPETX7003;LDPE IND TX7003 NUTEC;;1;1;19;1;1;1;;0;2021-12-08;1;ACTIVO
154;LLDPE92010;LLDPE HEX 92010 DPAPLAS;;1;1;19;1;1;1;;0;2021-12-08;1;ACTIVO
155;LLDPELL405S;LLDPE BUT LL4405S NUTEC;;1;1;19;1;1;1;;0;2021-12-08;1;ACTIVO
156;MALLACAS-AL;RECUPERADO MALLA PP CASTILLO-ALBAN;;1;1;13;1;1;1;;0;2021-12-08;1;ACTIVO
157;MALLAPPCAS;MALLA PP BLANCA CASTILLO;;1;1;13;1;1;1;;0;2021-12-08;1;ACTIVO
158;MASTERYAP;MEZCLA DE ADITIVOS MASTER Y AP;;1;1;26;1;1;1;;0;2021-12-08;1;ACTIVO
159;MATALTARECI;MATERIAL DE ALTA RECICLADO;;1;1;9;1;1;1;;0;2021-12-08;1;ACTIVO
160;MATCLASIMAX;RECICLADO PARA CLASIFICAR;;1;1;13;1;1;1;;0;2021-12-08;1;ACTIVO
161;MATCONTAPET;MATERIAL CONTAMINADO PET;;1;1;13;1;1;1;;0;2021-12-08;1;ACTIVO
162;MATERECIWRI;MATERIAL RECICLADO W.RIVERA;;1;1;9;1;1;1;;0;2021-12-08;1;ACTIVO
163;MATPAÑSORI;MATERIAL TELA PAÑAL SORIANO;;1;1;13;1;1;1;;0;2021-12-08;1;ACTIVO
164;MATPELECOAL;MATERIAL PELETIZADO RAFIA COLOR ALBAN;;1;1;13;1;1;1;;0;2021-12-08;1;ACTIVO
165;MATPELENATU;PELETIZADO NATURAL;;1;1;13;1;1;1;;0;2021-12-08;1;ACTIVO
166;MATPELENEGR;MATERIAL PELETIZADO NEGRO;;1;1;13;1;1;1;;0;2021-12-08;1;ACTIVO
167;MATPELENMAX;RECICLADO PARA PELETIZAR MAX;;1;1;13;1;1;1;;0;2021-12-08;1;ACTIVO
168;MATPREAMAPN;MATERIAL PREPARADO AMARILLO PN;;1;1;18;1;1;1;;0;2021-12-08;1;ACTIVO
169;MATPREPET;MATERIAL PREPARADO PET;;1;1;18;1;1;1;;0;2021-12-08;1;ACTIVO
170;MATRECBAG;MATERIAL RECICLADO RECUPERADO BAGSA VTA;;1;1;13;1;1;1;;0;2021-12-08;1;ACTIVO
171;MATRECCOMBC;MATERIAL RECICLADO COMBINADO CALERO;;1;1;13;1;1;1;;0;2021-12-08;1;ACTIVO
172;MATRECENK;MAT. RECICLADO ENKADOR-VELASQUEZ;;1;1;13;1;1;1;;0;2021-12-08;1;ACTIVO
173;MATRECHCD01;RECICLADO DE HACIENDA;;1;1;13;1;1;1;;0;2021-12-08;1;ACTIVO
174;MATRECI-VEL;MATERIAL RECICLADO RECISA- VELASQUEZ;;1;1;18;1;1;1;;0;2021-12-08;1;ACTIVO
175;MATRECIVELA;MATERIAL RECICLADO VELASQUEZ 2014;;1;1;13;1;1;1;;0;2021-12-08;1;ACTIVO
176;MBAMANUT;PIGMENTO MB AMARILLO HUEVO 21 NUTEC;;1;1;10;1;1;1;;0;2021-12-08;1;ACTIVO
177;MBAZUCY5024;PIGMENTO MB AZUL CYAN 5024 NUTEC;;1;1;10;1;1;1;;0;2021-12-08;1;ACTIVO
178;MBNANOCAL;MASTERBACH NANOCAL NC-K0103;;1;1;26;1;1;1;;0;2021-12-08;1;ACTIVO
179;MBVERG3146;PIGMENTO MB VERDE G3146 NUTEC;;1;1;10;1;1;1;;0;2021-12-08;1;ACTIVO
180;MGAFUND;MGA 35*72*0.00040 AD VERO1 1% BIF PERF. ;;1;1;14;1;1;1;;0;2021-12-08;1;ACTIVO
181;MLLDPE9400;MLLDPE S/A M.I. XP9400 NUTEC;;1;1;12;1;1;1;;0;2021-12-08;1;ACTIVO
182;MLLDPEXP920;MLLDPE C/A M.I 1.02 XP9200E NUTEC;;1;1;26;1;1;1;;0;2021-12-08;1;ACTIVO
183;MOLIDCONT;MOLIDO CONTAMINADO PET;;1;1;27;1;1;1;;0;2021-12-08;1;ACTIVO
184;MOLPEHACLAV;MOLIDO PET HACIENDA LAVADO;;1;1;13;1;1;1;;0;2021-12-08;1;ACTIVO
185;MOLPETBAGZA;MOLIDO PET BAGSACORP ZARANDEADO;;1;1;13;1;1;1;;0;2021-12-08;1;ACTIVO
186;MOLPETREZUN;MOLIDO PET RECICLADO ZUÑIGA;;1;1;13;1;1;1;;0;2021-12-08;1;ACTIVO
187;MUESTRAS;MUESTRAS MATERIAS PRIMAS;;1;1;12;1;1;1;;0;2021-12-08;1;ACTIVO
188;NAR5K1000V2;ZUNCH NARANJA 5KG 5MM 1000MT;;1;1;16;1;1;1;;0;2021-12-08;1;ACTIVO
189;NAR5K1000V3;ZUNCH NARANJA 5KG 1000MT;;1;1;16;1;1;1;;0;2021-12-08;1;ACTIVO
190;NAR6K1300V3;ZUNCH NARANJA 6KG 1300MT;;1;1;16;1;1;1;;0;2021-12-08;1;ACTIVO
191;NEG4K900V4;ZUNCH NEGRO 4KG 900MT;;1;1;16;1;1;1;;0;2021-12-08;1;ACTIVO
192;NEG5K1000V2;ZUNCH NEGRO 5KG 1000MT;;1;1;16;1;1;1;;0;2021-12-08;1;ACTIVO
193;NEG6K1300V4;ZUNCH NEGRO 6KG 1300MT;;1;1;16;1;1;1;;0;2021-12-08;1;ACTIVO
194;NEL6K1300V2;ZUNCH NEGRO LABRADO 6KG 1300MT;;1;1;16;1;1;1;;0;2021-12-08;1;ACTIVO
195;NEL6K1300V4;ZUNCH NEGRO LABRADO 6KG 1300MT;;1;1;16;1;1;1;;0;2021-12-08;1;ACTIVO
196;NEL8K1400V4;ZUNCH NEGRO LABRADO 8KG 1400MT;;1;1;16;1;1;1;;0;2021-12-08;1;ACTIVO
197;OXIROJO;OXIDO HIERRO ROJO ;;1;1;10;1;1;1;;0;2021-12-08;1;ACTIVO
198;PALET-BAJA;PALETIZADO DE BAJA DENSIDAD;;1;1;13;1;1;1;;0;2021-12-08;1;ACTIVO
199;PAÑALSACOS;PAÑAL SACOSTRIA;;1;1;13;1;1;1;;0;2021-12-08;1;ACTIVO
200;PEBOTAZUALB;RECICLADO AZUL BOTELLON ALBAN;;1;1;13;1;1;1;;0;2021-12-08;1;ACTIVO
201;PELCOLORNOD;PELETIZADO COLOR NODIEN;;1;1;13;1;1;1;;0;2021-12-08;1;ACTIVO
202;PELEBLCPLAZ;PELETIZADO BLANCO SR. PLAZA;;1;1;13;1;1;1;;0;2021-12-08;1;ACTIVO
203;PELEETINOD;PELETIZADO DE ETIQUETAS NODIEN;;1;1;13;1;1;1;;0;2021-12-08;1;ACTIVO
204;PELEHOT;HOT WASHEDR-PRT-FLAKE 12;;1;1;13;1;1;1;;0;2021-12-08;1;ACTIVO
205;PELEMARPLAS;PP PELETIZADO MARPLASTICRECYCLER;;1;1;13;1;1;1;;0;2021-12-08;1;ACTIVO
206;PELENATALBA;PELETIZADO NATURAL ALBAN;;1;1;13;1;1;1;;0;2021-12-08;1;ACTIVO
207;PELERAFALBA;POLIPROPILENO RECUERADO RAFIA ALBAN;;1;1;13;1;1;1;;0;2021-12-08;1;ACTIVO
208;PELERAFINO;PELETIZADO DE RAFIA NODIEN;;1;1;13;1;1;1;;0;2021-12-08;1;ACTIVO
209;PELEROSALBA;PELETIZADO ROSA ALBAN;;1;1;13;1;1;1;;0;2021-12-08;1;ACTIVO
210;PELEROSBLBA;PELETIZADO  BOTELLON ALBAN;;1;1;13;1;1;1;;0;2021-12-08;1;ACTIVO
211;PELETAVELA;PELETIZADO TAPA VELASQUEZ;;1;1;13;1;1;1;;0;2021-12-08;1;ACTIVO
212;PELETAZULAL;PELETIZADO AZUL ALBAN;;1;1;13;1;1;1;;0;2021-12-08;1;ACTIVO
213;PELETIMETAL;PELETIZADO METALIZADO KHAPA;;1;1;13;1;1;1;;0;2021-12-08;1;ACTIVO
214;PELETINARAJ;PELETIZADO NARANJA KHAPA;;1;1;13;1;1;1;;0;2021-12-08;1;ACTIVO
215;PELETINEGRO;PELETIZADO NEGRO KHAPA;;1;1;13;1;1;1;;0;2021-12-08;1;ACTIVO
216;PELETIZADO;PELETIZADO RECUPERADO VARIOS;;1;1;13;1;1;1;;0;2021-12-08;1;ACTIVO
217;PELETIZTAPA;PELETIZADO TAPA;;1;1;13;1;1;1;;0;2021-12-08;1;ACTIVO
218;PELEVERALB;PELETIZADO PP VERDE JA;;1;1;13;1;1;1;;0;2021-12-08;1;ACTIVO
219;PELLETSOPLA;PELLET PP SOPLADO TERMOFORMADO;;1;1;13;1;1;1;;0;2021-12-08;1;ACTIVO
220;PELLFILMNOV;PELLET FILM BAJA DENSIDAD NOVARED;;1;1;13;1;1;1;;0;2021-12-08;1;ACTIVO
221;PELLPOLVERN;PELLET POLIPROPILENO VERDE II NOVARED;;1;1;13;1;1;1;;0;2021-12-08;1;ACTIVO
222;PELNEGRONOD;PELETIZADO NEGRO NODIEN;;1;1;13;1;1;1;;0;2021-12-08;1;ACTIVO
223;PELRAFBAG;PELETIZADO RAFIA BAGSA;;1;1;26;1;1;1;;0;2021-12-08;1;ACTIVO
224;PELRAFNODIE;PELETIZADO RAFIA NODIEN;;1;1;13;1;1;1;;0;2021-12-08;1;ACTIVO
225;PELRECMAX;PELETIZADO RECICLADO MAX;;1;1;13;1;1;1;;0;2021-12-08;1;ACTIVO
226;PELSACBAG;PELETIZADO SACOS BAGSA;;1;1;26;1;1;1;;0;2021-12-08;1;ACTIVO
227;PELTAETINOD;PELETIZADO TAPA/ETIQUETA NODIEN;;1;1;13;1;1;1;;0;2021-12-08;1;ACTIVO
228;PELTAPETIG1;PELETIZADO TAPA Y ETIQUETA CITERA;;1;1;13;1;1;1;;0;2021-12-08;1;ACTIVO
229;PELTAPETIVE;PELETIZADO TAPA/ETIQUETA VELASQUEZ;;1;1;13;1;1;1;;0;2021-12-08;1;ACTIVO
230;PELTRANSPSA;PELETIZADO TRANSPARENTE SACOSTRIA;;1;1;13;1;1;1;;0;2021-12-08;1;ACTIVO
231;PELZUNOVARE;PELETIZADO NOVARED;;1;1;13;1;1;1;;0;2021-12-08;1;ACTIVO
232;PEPPPLAZA;PELETIZADO PP PLAZA;;1;1;13;1;1;1;;0;2021-12-08;1;ACTIVO
233;PERCOLORESV;PEA COLORES VARIOS ALBAN;;1;1;13;1;1;1;;0;2021-12-08;1;ACTIVO
234;PESOPLANOVA;PELLET POLIPROPILENO SOPLADO TRANSPARENTE;;1;1;13;1;1;1;;0;2021-12-08;1;ACTIVO
235;PETAGLOMIXZ;PET AGLOMERADO RECICLADO Z MIXTO;;1;1;13;1;1;1;;0;2021-12-08;1;ACTIVO
236;PETAMRECZG;PET AMARILLO RECICLADO Z GRANEL;;1;1;13;1;1;1;;0;2021-12-08;1;ACTIVO
237;PETAZRECZG;PET AZUL RECICLADO Z GRANEL;;1;1;13;1;1;1;;0;2021-12-08;1;ACTIVO
238;PETAZUL001;PET HOJUELA AZUL;;1;1;13;1;1;1;;0;2021-12-08;1;ACTIVO
239;PETAZULLAV;PET AZUL LAVADO TULA (ECUAPET);;1;1;13;1;1;1;;0;2021-12-08;1;ACTIVO
240;PETAZULLAVA;PET AZUL LAVADO RECUPERADO BAGSA;;1;1;13;1;1;1;;0;2021-12-08;1;ACTIVO
241;PETAZULLDOS;PET POST CONSUMO AZUL MOLIDO LAVADO DOSIFICAR;;1;1;13;1;1;1;;0;2021-12-08;1;ACTIVO
242;PETBAGSAMOL;PET BAGSACORP  MOLIDO;;1;1;13;1;1;1;;0;2021-12-08;1;ACTIVO
243;PETBAGSAPRO;PET BAGSA A REPROCESAR;;1;1;13;1;1;1;;0;2021-12-08;1;ACTIVO
244;PETBLANCLAV;PET BLANCO  LAVADO TULA (ECUAPET);;1;1;13;1;1;1;;0;2021-12-08;1;ACTIVO
245;PETBLANCO01;PET MOLIDO BLANCO MURILLO;;1;1;9;1;1;1;;0;2021-12-08;1;ACTIVO
246;PETBLANMODO;PET POST CONSUMO BLANCO MOLIDO LAVADO X DOSIFICAR;;1;1;13;1;1;1;;0;2021-12-08;1;ACTIVO
247;PETBLANMOLA;PET POST CONSUMO BLANCO MOLIDO LAVADO;;1;1;13;1;1;1;;0;2021-12-08;1;ACTIVO
248;PETBLAREBOT;PET BLANCO RECUPERADO BOTELLA;;1;1;13;1;1;1;;0;2021-12-08;1;ACTIVO
249;PETBOTBLAN;PET BOTELLA BLANCAS (PLAZA);;1;1;19;1;1;1;;0;2021-12-08;1;ACTIVO
250;PETCAFEDOS;PET POST CAFE MOLIDO LAVADO DOSIFICADO;;1;1;13;1;1;1;;0;2021-12-08;1;ACTIVO
251;PETCAFELAVA;PET CAFE LAVADO RECUPERADO BAGSA;;1;1;13;1;1;1;;0;2021-12-08;1;ACTIVO
252;PETCAFEMOLA;PET POST CONSUMO CAFE MOLIDO-LAVADO RECIPLASTICO;;1;1;13;1;1;1;;0;2021-12-08;1;ACTIVO
253;PETCAFEMOLI;PET POST CAFE MOLIDO;;1;1;13;1;1;1;;0;2021-12-08;1;ACTIVO
254;PETCAFLAV;PET CAFE LAVADO TULA (ECUAPET);;1;1;13;1;1;1;;0;2021-12-08;1;ACTIVO
255;PETCAFLAVTU;PET CAFE LAVADO NOVARED TULA;;1;1;13;1;1;1;;0;2021-12-08;1;ACTIVO
256;PETCRISLAV;PET CRISTAL LAVARDO TULA (ECUAPET);;1;1;13;1;1;1;;0;2021-12-08;1;ACTIVO
257;PETERMOALUM;PET TERMOFORMADO MOLIDO ALUMPLAST;;1;1;13;1;1;1;;0;2021-12-08;1;ACTIVO
258;PETHACMOL01;PET HACIENDA MOLIDO;;1;1;13;1;1;1;;0;2021-12-08;1;ACTIVO
259;PETHACPRO01;PET HACIENDA A PROCESAR;;1;1;13;1;1;1;;0;2021-12-08;1;ACTIVO
260;PETHOJBLANC;PET HOJUELA BLANCA;;1;1;13;1;1;1;;0;2021-12-08;1;ACTIVO
261;PETHOJLAVAZ;PT HOJUELAS PET LAVADO AZUL;;1;1;13;1;1;1;;0;2021-12-08;1;ACTIVO
262;PETHOJLAVCE;PT HOJUELAS PET LAVADO CELESTE;;1;1;13;1;1;1;;0;2021-12-08;1;ACTIVO
263;PETHOJNARAN;PET HOJUELA NARANJA;;1;1;13;1;1;1;;0;2021-12-08;1;ACTIVO
264;PETHOJROJA1;PET HOJUELA ROJA;;1;1;13;1;1;1;;0;2021-12-08;1;ACTIVO
265;PETHOJUELAV;PT HOJUELAS DE PET LAVADO CLARO;;1;1;13;1;1;1;;0;2021-12-08;1;ACTIVO
266;PETHOJUVERD;PT HOJUELAS LAVADO VERDE;;1;1;13;1;1;1;;0;2021-12-08;1;ACTIVO
267;PETHOJVERD;PET HOJUELA VERDE NOVARED;;1;1;13;1;1;1;;0;2021-12-08;1;ACTIVO
268;PETHOLAVAMB;PT HOJUELAS DE LAVADO AMBAR;;1;1;13;1;1;1;;0;2021-12-08;1;ACTIVO
269;PETLAVAMULB;PET LAVADO MULTICOLOR BAGSA-NOVARED;;1;1;13;1;1;1;;0;2021-12-08;1;ACTIVO
270;PETLAVBAG;PET LAVADO  BAGSA-NOVARED;;1;1;13;1;1;1;;0;2021-12-08;1;ACTIVO
271;PETMEULAZ01;PET MULTICOLOR AZUL;;1;1;13;1;1;1;;0;2021-12-08;1;ACTIVO
272;PETMIXTLAV;PET MIXTO LAVADO TULA (ECUAPET);;1;1;13;1;1;1;;0;2021-12-08;1;ACTIVO
273;PETMIXTOMOL;PET MIXTO MOLIDO;;1;1;13;1;1;1;;0;2021-12-08;1;ACTIVO
274;PETMO;PET MOLIDO POS CONSUMO COLORES VARIOS;;1;1;13;1;1;1;;0;2021-12-08;1;ACTIVO
275;PETMOLAAZUL;PET MOLIDO POST CONSUMO AZUL;;1;1;13;1;1;1;;0;2021-12-08;1;ACTIVO
276;PETMOLAZURE;PET MOLIDO AZUL RECYGLOBAL;;1;1;13;1;1;1;;0;2021-12-08;1;ACTIVO
277;PETMOLIBLAN;PET BLANCO MOLIDO B;;1;1;13;1;1;1;;0;2021-12-08;1;ACTIVO
278;PETMOLIPLAZ;PET MOLIDOPLAZA;;1;1;13;1;1;1;;0;2021-12-08;1;ACTIVO
279;PETMOLPLA;PET MOLIDO PLAZA;;1;1;13;1;1;1;;0;2021-12-08;1;ACTIVO
280;PETMOLTRANS;PET MOLIDO POST CONSUMO TRANSPARENTE - LAVADO;;1;1;13;1;1;1;;0;2021-12-08;1;ACTIVO
281;PETMULCOROJ;PET MULTICOLOR ROJO;;1;1;13;1;1;1;;0;2021-12-08;1;ACTIVO
282;PETMXRECYUM;PET MIXTO RECICLADO YUMICEBA GRANEL;;1;1;13;1;1;1;;0;2021-12-08;1;ACTIVO
283;PETPOSPRUEB;PET POST PRUEBA BLANCO;;1;1;13;1;1;1;;0;2021-12-08;1;ACTIVO
284;PETPRETOLVA;MATERIAL PREPARADO PET (TOLVA);;1;1;18;1;1;1;;0;2021-12-08;1;ACTIVO
285;PETPSVERMOL;PET POST CONSUMO VERDE MOLIDO LAVADO DOSIFICAR;;1;1;13;1;1;1;;0;2021-12-08;1;ACTIVO
286;PETRAMAPET;PET RAMAPET NUTEC;;1;1;13;1;1;1;;0;2021-12-08;1;ACTIVO
287;PETRECHAMO;RECICLADO RECUPERADO PET;;1;1;13;1;1;1;;0;2021-12-08;1;ACTIVO
288;PETRECMUR01;PET RECUPERADO MURILLO;;1;1;13;1;1;1;;0;2021-12-08;1;ACTIVO
289;PETRECPROZU;PET RECICLADO A PROCESAR ZUÑIGA;;1;1;9;1;1;1;;0;2021-12-08;1;ACTIVO
290;PETRECZUMOL;PET RECICLADO ZUÑIGA MOLIDO;;1;1;13;1;1;1;;0;2021-12-08;1;ACTIVO
291;PETVERDE001;PET HOJUELA VERDE;;1;1;13;1;1;1;;0;2021-12-08;1;ACTIVO
292;PETVERDEDOS;PET POST VERDE MOLIDO LAVADO DOSIFICADO;;1;1;13;1;1;1;;0;2021-12-08;1;ACTIVO
293;PETZULANOVA;PET ZUNCHO LAVADO NOVARED;;1;1;13;1;1;1;;0;2021-12-08;1;ACTIVO
294;PFPT002;PELLET FILM CHICLE NOVARED;;1;1;13;1;1;1;;0;2021-12-08;1;ACTIVO
295;PGA00000002;PIGMENTO AZUL 20906;;1;1;10;1;1;1;;0;2021-12-08;1;ACTIVO
296;PGAM0000001;PIGMENTO AMARILLO 21923;;1;1;10;1;1;1;;0;2021-12-08;1;ACTIVO
297;PGAM0000002;PIGMENTO AMARILLO 21923 CROMEX REC;;1;1;10;1;1;1;;0;2021-12-08;1;ACTIVO
298;PGAM0000003;QUIMICAL MB AMARILLO 7000;;1;1;10;1;1;1;;0;2021-12-08;1;ACTIVO
299;PGAM0000010;PIGMENTO QUIMICAL MB AMARILLO 7000;;1;1;10;1;1;1;;0;2021-12-08;1;ACTIVO
300;PGAM0007232;PIGMENTO QUIMICAL MB AMARILLO 7232;;1;1;10;1;1;1;;0;2021-12-08;1;ACTIVO
301;PGAM007810;PIGMENTO QUIMICAL AMARILLO 7810;;1;1;10;1;1;1;;0;2021-12-08;1;ACTIVO
302;PGAM007810H;PIGMENTO QUIMICAL MB AMARILLO 7810H;;1;1;10;1;1;1;;0;2021-12-08;1;ACTIVO
303;PGAM30113;PIGMENTO AMARILLO 30113APE IMPORT;;1;1;10;1;1;1;;0;2021-12-08;1;ACTIVO
304;PGAZ0000001;PIGMENTO AZUL 20347;;1;1;10;1;1;1;;0;2021-12-08;1;ACTIVO
305;PGAZ0000003;PIGMENTO AZUL MB AZUL MARINO 703;;1;1;10;1;1;1;;0;2021-12-08;1;ACTIVO
306;PGBL0000001;PIGMENTO BLANCO 775;;1;1;10;1;1;1;;0;2021-12-08;1;ACTIVO
307;PGBL0000002;PIGMENTO BLANCO 770;;1;1;10;1;1;1;;0;2021-12-08;1;ACTIVO
308;PGCL0000001;PIGMENTO CLEAN HDPE;;1;1;10;1;1;1;;0;2021-12-08;1;ACTIVO
309;PGNG0000001;PIGMENTO QUIMICAL NEGRO MB 9140;;1;1;10;1;1;1;;0;2021-12-08;1;ACTIVO
310;PGNR0000001;PIGMENTO NARANJA 256;;1;1;10;1;1;1;;0;2021-12-08;1;ACTIVO
311;PGNR0000003;PIGMENTO QUIMICAL MB NARANJA 9740;;1;1;10;1;1;1;;0;2021-12-08;1;ACTIVO
312;PGQ00000005;QUIMICAL MB P 101;;1;1;10;1;1;1;;0;2021-12-08;1;ACTIVO
313;PGQAZUL5004;PIGMENTO QUIMICAL AZUL 5004;;1;1;10;1;1;1;;0;2021-12-08;1;ACTIVO
314;PGQM0000002;PURGA QUIMICAL MB P - 101;;1;1;10;1;1;1;;0;2021-12-08;1;ACTIVO
315;PGQM0000003;PIGMENTO QUIMICAL MB BLANCO 7070;;1;1;10;1;1;1;;0;2021-12-08;1;ACTIVO
316;PGRO31058;PIGMENTO NARANJA 31058 NAPE IMPORT;;1;1;10;1;1;1;;0;2021-12-08;1;ACTIVO
317;PICADOBCAS;PICADO BLANCO MURILLO CASTILLO;;1;1;13;1;1;1;;0;2021-12-08;1;ACTIVO
318;PICADOCOCA;PICADO COLOR MURILLO CASTILLO;;1;1;13;1;1;1;;0;2021-12-08;1;ACTIVO
319;PIEZPLASVAR;PIEZAS DE PLASTICOS VARIADOS SR. GARCES;;1;1;23;1;1;1;;0;2021-12-08;1;ACTIVO
320;PIGAMA2164;PIGMENTO AMARILLO 2164 PROVELAN;;1;1;10;1;1;1;;0;2021-12-08;1;ACTIVO
321;PIGAMA21848;PIGMENTO AMARILLO CROMEX 21848 VIRGEN;;1;1;10;1;1;1;;0;2021-12-08;1;ACTIVO
322;PIGAMA7223;PIGMENTO QUIMICAL AMARILLO MB 7223;;1;1;10;1;1;1;;0;2021-12-08;1;ACTIVO
323;PIGAMACRO77;PIGMENTO AMARILLO CROMO A 770 CIPEQ;;1;1;10;1;1;1;;0;2021-12-08;1;ACTIVO
324;PIGAMAHANSA;PIGMENTO AMARILLO HANSA CIPEQ;;1;1;10;1;1;1;;0;2021-12-08;1;ACTIVO
325;PIGAMAPY650;PIGMENTO AMARILLO PY 65-02 RUICHEM;;1;1;10;1;1;1;;0;2021-12-08;1;ACTIVO
326;PIGAMARCROM;PIGMENTO AMARILLO CROMO MEDIO A-761 ED;;1;1;10;1;1;1;;0;2021-12-08;1;ACTIVO
327;PIGAMARECI;PIGMENTO QUIMICAL MB AMARILLO 7004 (REC);;1;1;10;1;1;1;;0;2021-12-08;1;ACTIVO
328;PIGAMARIMED;PIGMENTO AMARILLO CROMEX MEDIO A-765ED;;1;1;10;1;1;1;;0;2021-12-08;1;ACTIVO
329;PIGAZL11764;PIGMENTO AZUL ALBAN;;1;1;10;1;1;1;;0;2021-12-08;1;ACTIVO
330;PIGAZU5024L;PIGMENTO MB AZUL CYAN 5024L;;1;1;10;1;1;1;;0;2021-12-08;1;ACTIVO
331;PIGAZU7330;PIGMENTO AZUL 7330 PROVELAN;;1;1;10;1;1;1;;0;2021-12-08;1;ACTIVO
332;PIGAZUL2263;PIGMENTO AZUL CROMEX 22638;;1;1;10;1;1;1;;0;2021-12-08;1;ACTIVO
333;PIGAZUL7169;PIGMENTO AZUL CROMEX 7169;;1;1;10;1;1;1;;0;2021-12-08;1;ACTIVO
334;PIGAZUL7488;PIGMENTO AZUL PROVELAN;;1;1;10;1;1;1;;0;2021-12-08;1;ACTIVO
335;PIGAZULFTAL;PIGMENTO AZUL FTALOCIANINA BG912 15:1;;1;1;10;1;1;1;;0;2021-12-08;1;ACTIVO
336;PIGAZULULTR;PIGMENTO AZUL ULTRAMAR GP-58 (PPQ/COLOMB;;1;1;10;1;1;1;;0;2021-12-08;1;ACTIVO
337;PIGBALANPRO;PIGMENTO BLANCO 12868 P PROVELAN;;1;1;10;1;1;1;;0;2021-12-08;1;ACTIVO
338;PIGBL6657BL;PIGMENTO BLANCO 665 -7BL IMPORTACION;;1;1;10;1;1;1;;0;2021-12-08;1;ACTIVO
339;PIGBLANC770;PIGMENTO BLANCO PROVELAN 770;;1;1;10;1;1;1;;0;2021-12-08;1;ACTIVO
340;PIGBLANCO70;PIGMENTO QUIMICAL BLANCO 7072;;1;1;10;1;1;1;;0;2021-12-08;1;ACTIVO
341;PIGBLN1075S;PIGMENTO BLANCO PROVELAN 1075 SW;;1;1;10;1;1;1;;0;2021-12-08;1;ACTIVO
342;PIGBLN12068;PIGMENTO BLANCO PROVELAN 12068;;1;1;10;1;1;1;;0;2021-12-08;1;ACTIVO
343;PIGBLNCARVA;PIGMENTO BLANCO CARVAJAL;;1;1;10;1;1;1;;0;2021-12-08;1;ACTIVO
344;PIGBLNLL70;PIGMENTO MB BLANCO LL70;;1;1;10;1;1;1;;0;2021-12-08;1;ACTIVO
345;PIGCAFE;PIGMENTO QUIMICAL MB CAFE 8701;;1;1;10;1;1;1;;0;2021-12-08;1;ACTIVO
346;PIGCAFEQC;PIGMENTO CAFE QUIMICAL 8720;;1;1;10;1;1;1;;0;2021-12-08;1;ACTIVO
347;PIGCEL22638;PIGMENTO CELESTE PROVELAN 22638;;1;1;10;1;1;1;;0;2021-12-08;1;ACTIVO
348;PIGFUCSI911;PIGMENTO QUIMICAL MB FUCSIA 9110;;1;1;10;1;1;1;;0;2021-12-08;1;ACTIVO
349;PIGMARRON;PIGMENTO MARRON PROVELAN 641;;1;1;10;1;1;1;;0;2021-12-08;1;ACTIVO
350;PIGMNEGRO40;PIGMENTO NEGRO 0040G PROVELAN;;1;1;10;1;1;1;;0;2021-12-08;1;ACTIVO
351;PIGNA3048PR;PIGMENTO NARANJA 3048 PROVELAN;;1;1;10;1;1;1;;0;2021-12-08;1;ACTIVO
352;PIGNARAJ256;PIGMENTO NARANJA 256;;1;1;10;1;1;1;;0;2021-12-08;1;ACTIVO
353;PIGNARAJMOL;PIGMENTO NARANJA MOLIBDATO NM-33 (PYOSA);;1;1;10;1;1;1;;0;2021-12-08;1;ACTIVO
354;PIGNARANCIP;PIGMENTO NARANJA DINITRO CIPEQ;;1;1;10;1;1;1;;0;2021-12-08;1;ACTIVO
355;PIGNARAND01;PIGMENTO NARANJA DINITRO ND-205;;1;1;10;1;1;1;;0;2021-12-08;1;ACTIVO
356;PIGNARNJ256;PIGMENTO NARANJA 256;;1;1;10;1;1;1;;0;2021-12-08;1;ACTIVO
357;PIGNE;PIGMENTO NEGRO PROVELAN 22951;;1;1;10;1;1;1;;0;2021-12-08;1;ACTIVO
358;PIGNEGALBAN;PIGMENTO NEGRO ALBAN;;1;1;10;1;1;1;;0;2021-12-08;1;ACTIVO
359;PIGPLOM3871;PIGMENTO QUIMICAL MB PLOMO 3871;;1;1;10;1;1;1;;0;2021-12-08;1;ACTIVO
360;PIGPOLVCAFE;PIGMENTO NOGAL POLVO CAFE;;1;1;10;1;1;1;;0;2021-12-08;1;ACTIVO
361;PIGQUIMAZUL;PIGMENTO QUIMICAL MB AZUL 5004;;1;1;10;1;1;1;;0;2021-12-08;1;ACTIVO
362;PIGQUIMVER;PIGMENTO QUIMICAL MB VERDE 6350 B;;1;1;10;1;1;1;;0;2021-12-08;1;ACTIVO
363;PIGROJ1120C;PIGMENTO ROJO NAFTOL 112-01H CIPEQ;;1;1;10;1;1;1;;0;2021-12-08;1;ACTIVO
364;PIGROJ200;PIGMENTO ROJO 200;;1;1;10;1;1;1;;0;2021-12-08;1;ACTIVO
365;PIGROJ21877;PIGMENTO ROJO 21877;;1;1;10;1;1;1;;0;2021-12-08;1;ACTIVO
366;PIGROJOPCIP;PIGMENTO ROJO PERMANENTE CIPEQ;;1;1;10;1;1;1;;0;2021-12-08;1;ACTIVO
367;PIGROJOQUIM;PIGMENTO QUIMICAL MB ROJO 9492;;1;1;10;1;1;1;;0;2021-12-08;1;ACTIVO
368;PIGVERD440;PIGMENTO VERDE CROMEX 440 ;;1;1;10;1;1;1;;0;2021-12-08;1;ACTIVO
369;PIGVERD5433;PIGMENTO VERDE 5433 PROVELAN;;1;1;10;1;1;1;;0;2021-12-08;1;ACTIVO
370;PIGVERDE001;PIGMENTO QUIMICAL VERDE 6041;;1;1;10;1;1;1;;0;2021-12-08;1;ACTIVO
371;PIGVERDE002;PIGMENTO QUIMICAL VERDE 6040;;1;1;10;1;1;1;;0;2021-12-08;1;ACTIVO
372;PIGVERDFTAL;PIGMENTO VERDE FTALOCIANINA;;1;1;10;1;1;1;;0;2021-12-08;1;ACTIVO
373;PIGVIOLET42;PIGMENTO QUIMICAL MB VIOLETA 4200;;1;1;10;1;1;1;;0;2021-12-08;1;ACTIVO
374;PIGVRD12079;PIGMENTO VERDE 12079;;1;1;10;1;1;1;;0;2021-12-08;1;ACTIVO
375;PIGWM4080LL;PIGMENTO BLANCO WM4080LL;;1;1;10;1;1;1;;0;2021-12-08;1;ACTIVO
376;PIOCA-SACOS;PIOLA CALERO - SACOSTRIA;;1;1;3;1;1;1;;0;2021-12-08;1;ACTIVO
377;PIOLA REC N;PIOLA RECICLADA NARANJA;;1;1;3;1;1;1;;0;2021-12-08;1;ACTIVO
378;PIOLACA-ALB;PIOLA PELETIZADA CALERO-ALBAN;;1;1;13;1;1;1;;0;2021-12-08;1;ACTIVO
379;PIOLASACOST;PIOLA PELETIZADA SACOSTRIA;;1;1;13;1;1;1;;0;2021-12-08;1;ACTIVO
380;PIORECNAR;PIOLA RECICLADA NARANJA CALERO;;1;1;9;1;1;1;;0;2021-12-08;1;ACTIVO
381;PLASPETCOZU;PET PLASTICO COLOR ZUÑIGA;;1;1;13;1;1;1;;0;2021-12-08;1;ACTIVO
382;PLASVERNOV;PLASTICO PP VERDE PELETIZADO VTA NOVARED;;1;1;13;1;1;1;;0;2021-12-08;1;ACTIVO
383;PLPR0000002;POLIPROPILENO DE RAFIA;;1;1;12;1;1;1;;0;2021-12-08;1;ACTIVO
384;PLPR0000003;POLIPROPILENO RECUPERADO NEGRO 25K;;1;1;13;1;1;1;;0;2021-12-08;1;ACTIVO
385;PLPR0000004;POLIPROPILENO RECUPERADO AMARILLO (TODOS;;1;1;13;1;1;1;;0;2021-12-08;1;ACTIVO
386;PLPR0000005;POLIPROPILENO PREPARADO BICOLOR;;1;1;18;1;1;1;;0;2021-12-08;1;ACTIVO
387;PLPR0000006;POLIPROPILENO PREPARADO NARANJA VIRGEN;;1;1;18;1;1;1;;0;2021-12-08;1;ACTIVO
388;PLPR0000007;POLIPROPILENO RECUPERADO NARANJA;;1;1;13;1;1;1;;0;2021-12-08;1;ACTIVO
389;PLPR0000008;POLIPROPILENO RECUPERADO AZUL;;1;1;13;1;1;1;;0;2021-12-08;1;ACTIVO
390;PLPR0000009;POLIPROPILENO PREPARADO VIRGEN(LAVADO);;1;1;18;1;1;1;;0;2021-12-08;1;ACTIVO
391;PLPR000001;POLIPROPILENO RECUPERADO PP SILLAS ;;1;1;13;1;1;1;;0;2021-12-08;1;ACTIVO
392;PLPR0000010;POLIPROPILENO RECUPERADO BLANCO-PAÑAL;;1;1;13;1;1;1;;0;2021-12-08;1;ACTIVO
393;PLPR000002;POLIPROPILENO RECUPERADO PP TAPAS ;;1;1;13;1;1;1;;0;2021-12-08;1;ACTIVO
394;PLPROOOOOO1;POLIPROPILENO PREPARADO NARANJA;;1;1;18;1;1;1;;0;2021-12-08;1;ACTIVO
395;PLREOOOOOO1;POLIPROPILENO PARA PALETIZAR;;1;1;9;1;1;1;;0;2021-12-08;1;ACTIVO
396;PMAPRACTIPO;PET MOLIDO AZUL;;1;1;13;1;1;1;;0;2021-12-08;1;ACTIVO
397;POBRAH63CIT;POLIPROPILENO BRASKEN H63 (CITERA);;1;1;12;1;1;1;;0;2021-12-08;1;ACTIVO
398;POL20H92N;POLIPROPILENO HOMOPOLIMERO 20H92N;;1;1;12;1;1;1;;0;2021-12-08;1;ACTIVO
399;POLBAJAINDU;LDPE POLIFEN 641 ESSENT;;1;1;19;1;1;1;;0;2021-12-08;1;ACTIVO
400;POLBOLYSAC;POLIPROPILENO RECUPERADO BOLICHES Y SACO;;1;1;13;1;1;1;;0;2021-12-08;1;ACTIVO
401;POLCH00001;POLIPROPILENO CHIPS RAFFIA Y-130 ;;1;1;12;1;1;1;;0;2021-12-08;1;ACTIVO
402;POLCOMP001;POLIPROPILENO COMPOUND 1381BW;;1;1;12;1;1;1;;0;2021-12-08;1;ACTIVO
403;POLCOMP002;POLIPROPILENO COMPOUND 1370;;1;1;12;1;1;1;;0;2021-12-08;1;ACTIVO
404;POLCOMP003;POLIPROPILENO COMPOUND 1203;;1;1;12;1;1;1;;0;2021-12-08;1;ACTIVO
405;POLCOMP1700;POLIPROPILENO COMPOUND 35 MH1700;;1;1;12;1;1;1;;0;2021-12-08;1;ACTIVO
406;POLCOMP440N;POLIPROPILENO COMPOUND EP440N;;1;1;12;1;1;1;;0;2021-12-08;1;ACTIVO
407;POLH030SG;POLIPROPILENO REPOL H030SG RAFIA ;;1;1;12;1;1;1;;0;2021-12-08;1;ACTIVO
408;POLH730F;POLIPROPILENO RAFIA H730F;;1;1;12;1;1;1;;0;2021-12-08;1;ACTIVO
409;POLHACMOL01;POLIPROPILENO HACIENDA MOLIDO;;1;1;9;1;1;1;;0;2021-12-08;1;ACTIVO
410;POLI0000002;POLIETILENO ALTA PELICULA HDPE;;1;1;19;1;1;1;;0;2021-12-08;1;ACTIVO
411;POLI0000003;POLIETILENO BAJA PELICULA HDPE;;1;1;19;1;1;1;;0;2021-12-08;1;ACTIVO
412;POLI0000004;POLIETILENO DE BAJA INDUSTRIAL;;1;1;19;1;1;1;;0;2021-12-08;1;ACTIVO
413;POLI0000009;POLIETILENO ALTA 2053;;1;1;19;1;1;1;;0;2021-12-08;1;ACTIVO
414;POLI0000015;POLIPROPILENO LINEAL PROPILCO (CITERA);;1;1;12;1;1;1;;0;2021-12-08;1;ACTIVO
415;POLI0000016;POLIPROPILENO SEETEL INYECCION (DISAN);;1;1;12;1;1;1;;0;2021-12-08;1;ACTIVO
416;POLI0000017;POLIPROPILENO LINEAL 03H77 MAB ;;1;1;12;1;1;1;;0;2021-12-08;1;ACTIVO
417;POLI000003;POLIETILENO BAJA ;;1;1;12;1;1;1;;0;2021-12-08;1;ACTIVO
418;POLI02H84ND;POLIPROPILENO 02H84ND IMPORT;;1;1;12;1;1;1;;0;2021-12-08;1;ACTIVO
419;POLI03H82RA;POLIPROPILENO 03H82 RAFIA;;1;1;12;1;1;1;;0;2021-12-08;1;ACTIVO
420;POLI05C06;POLIPROPILENO BRASKEN 05C06;;1;1;12;1;1;1;;0;2021-12-08;1;ACTIVO
421;POLI40H92;POLIPROPILENO LAMINADORA PROPILCO 40H92;;1;1;12;1;1;1;;0;2021-12-08;1;ACTIVO
422;POLIAMA;POLIPROPILENO RECUPERADO AMAR. CASTILLO ;;1;1;12;1;1;1;;0;2021-12-08;1;ACTIVO
423;POLIBAGPRO1;POLIPROPILENO BAGSA A REPROCESAR;;1;1;9;1;1;1;;0;2021-12-08;1;ACTIVO
424;POLICAFE;POLIPROPILENO PREPARADO CAFE;;1;1;18;1;1;1;;0;2021-12-08;1;ACTIVO
425;POLICOLORPP;POLIPROPILENO COLOR PP;;1;1;13;1;1;1;;0;2021-12-08;1;ACTIVO
426;POLIECU;POLIPROPILENO RECUPERADO ECUSACOS ;;1;1;12;1;1;1;;0;2021-12-08;1;ACTIVO
427;POLIEEF2126;POLIETILENO GENERAL EF 2126 BRASKEM;;1;1;19;1;1;1;;0;2021-12-08;1;ACTIVO
428;POLIELPL14;POLIETILENO LINEAL PELICULA PL14;;1;1;19;1;1;1;;0;2021-12-08;1;ACTIVO
429;POLIEPL15;POLIETILENO BAJA PELICULA PL15 BRASKEM;;1;1;19;1;1;1;;0;2021-12-08;1;ACTIVO
430;POLIESTER;POLIESTER;;1;1;26;1;1;1;;0;2021-12-08;1;ACTIVO
431;POLIET LINE;POLIETILENO LINEAL (CITERA);;1;1;19;1;1;1;;0;2021-12-08;1;ACTIVO
432;POLIETBAJLI;POLIETILENO BAJA LINEAL;;1;1;19;1;1;1;;0;2021-12-08;1;ACTIVO
433;POLIEXTRUCC;POLIPROPILENO DE EXTRUCCION;;1;1;19;1;1;1;;0;2021-12-08;1;ACTIVO
434;POLIHACIE01;POLIPROPILENO HACIENDAS A PROCESAR;;1;1;9;1;1;1;;0;2021-12-08;1;ACTIVO
435;POLILDPE ;POLIETILENO LDPE SABIC ;;1;1;19;1;1;1;;0;2021-12-08;1;ACTIVO
436;POLIMORAN;POLIPROPILENO RECUPERADO MORAN ;;1;1;12;1;1;1;;0;2021-12-08;1;ACTIVO
437;POLIMUR;POLIPROPILENO RECUPERADO MURILLO ;;1;1;12;1;1;1;;0;2021-12-08;1;ACTIVO
438;POLINEGRO;POLIPROPILENO RECUPERADO NEGRO;;1;1;12;1;1;1;;0;2021-12-08;1;ACTIVO
439;POLIPETROQU;POLIPROPILENO HOMOPOLIMERO (PETROQUIM);;1;1;12;1;1;1;;0;2021-12-08;1;ACTIVO
440;POLIPICADO;POLIPROPILENO PICADO;;1;1;12;1;1;1;;0;2021-12-08;1;ACTIVO
441;POLIPNEGPLA;POLIPROPILENO RECUPERADO NEGRO PLAZA;;1;1;13;1;1;1;;0;2021-12-08;1;ACTIVO
442;POLIPOLIME;POLIPROPILENO BRASKEM (POLIMEROS);;1;1;12;1;1;1;;0;2021-12-08;1;ACTIVO
443;POLIPREPVER;POLIPROPILENO PREPARADO VERDE;;1;1;18;1;1;1;;0;2021-12-08;1;ACTIVO
444;POLIPROAZUL;POLIPROPILENO PREPARADO AZUL;;1;1;18;1;1;1;;0;2021-12-08;1;ACTIVO
445;POLIPROFUCS;POLIPROPILENO PREPARADO FUCSIA;;1;1;18;1;1;1;;0;2021-12-08;1;ACTIVO
446;POLIPROP;POLIPROPILENO ADITIVO PP;;1;1;12;1;1;1;;0;2021-12-08;1;ACTIVO
447;POLIRAFPLAS;POLIPROPILENO RAFIA PLASTICSACKS;;1;1;12;1;1;1;;0;2021-12-08;1;ACTIVO
448;POLIREPRO;POLIPROPILENO REPROCESADO SACOPLAST;;1;1;12;1;1;1;;0;2021-12-08;1;ACTIVO
449;POLIVERDE;POLIPROPILENO RECUPERADO VERDE SR.CAST;;1;1;12;1;1;1;;0;2021-12-08;1;ACTIVO
450;POLIVIRCAST;POLIPROPILENO VIRGEN PETROQUIM CASTILLO;;1;1;12;1;1;1;;0;2021-12-08;1;ACTIVO
451;POLLDP4950;POLIETILENO ALTA LDPE SOP GF-4950;;1;1;19;1;1;1;;0;2021-12-08;1;ACTIVO
452;POLMOLI;POLIROPILENO MOLIDO BLANCO SR. MORAL;;1;1;12;1;1;1;;0;2021-12-08;1;ACTIVO
453;POLMOLICAST;POLIPROPILENO RECUPERADO MOLIDO CASTILLO;;1;1;13;1;1;1;;0;2021-12-08;1;ACTIVO
454;POLPELEBAG0;POLIPROPILENO PELETIZADO BAGSA;;1;1;13;1;1;1;;0;2021-12-08;1;ACTIVO
455;POLPETRO001;POLIPROPILENO LINEAL PETROQUIM(RAFIA) ;;1;1;12;1;1;1;;0;2021-12-08;1;ACTIVO
456;POLPH000001;POLIPROPILENO PH0322 RAFIA ;;1;1;12;1;1;1;;0;2021-12-08;1;ACTIVO
457;POLPLH603;POLIPROPILENO BRASKEN H-603 (PLASTLIT);;1;1;12;1;1;1;;0;2021-12-08;1;ACTIVO
458;POLPLPH0322;POLIPROPILENO PETROQUIM PH-0322 (PLASTLIT);;1;1;12;1;1;1;;0;2021-12-08;1;ACTIVO
459;POLPRECELES;POLIPROPILENO PREPARADO CELESTE;;1;1;18;1;1;1;;0;2021-12-08;1;ACTIVO
460;POLPRENEGR;POLIPROPILENO PREPARADO NEGRO;;1;1;18;1;1;1;;0;2021-12-08;1;ACTIVO
461;POLPREPAR;POLIPROPILENO PREPARADO AMARILLO;;1;1;18;1;1;1;;0;2021-12-08;1;ACTIVO
462;POLPREPAROJ;POLIPROPILENO PREPARADO ROJO;;1;1;18;1;1;1;;0;2021-12-08;1;ACTIVO
463;POLPREPGRIS;POLIPROPILENO PREPARADO GRIS;;1;1;18;1;1;1;;0;2021-12-08;1;ACTIVO
464;POLR03H82;POLIPROLENO RAFIA;;1;1;12;1;1;1;;0;2021-12-08;1;ACTIVO
465;POLR05H82;POLIPROPILENO RAFIA 05H82;;1;1;12;1;1;1;;0;2021-12-08;1;ACTIVO
466;POLRAF;POLIPROPILENO RAFIA;;1;1;12;1;1;1;;0;2021-12-08;1;ACTIVO
467;POLRAFFY130;POLIPROPILENO RAFIA Y-130;;1;1;12;1;1;1;;0;2021-12-08;1;ACTIVO
468;POLRAFKORE;POLIPROPILENO RAFIA KOREANO;;1;1;12;1;1;1;;0;2021-12-08;1;ACTIVO
469;POLREC/BLAN;POLIPROPILENO RECUPERADO BLANCO A.;;1;1;13;1;1;1;;0;2021-12-08;1;ACTIVO
470;POLREC/TRAN;POLIPROPILENO RECUPERADO TRANSP. A.;;1;1;13;1;1;1;;0;2021-12-08;1;ACTIVO
471;POLREC001;POLIPROPILENO RECUPERADO ABANO ;;1;1;12;1;1;1;;0;2021-12-08;1;ACTIVO
472;POLRECALBAN;POLIPROPILENO RECICLADO BAGSA ALBAN 2015;;1;1;13;1;1;1;;0;2021-12-08;1;ACTIVO
473;POLRECBICOL;POLIPROPILENO RECUPERADO BICOLOR;;1;1;13;1;1;1;;0;2021-12-08;1;ACTIVO
474;POLRECBLAEN;POLIPROPILENO BLANCO RECUPERADO ENKADOR;;1;1;12;1;1;1;;0;2021-12-08;1;ACTIVO
475;POLRECCAST;POLIPROPILENO RECUPERADO PP CAST.;;1;1;13;1;1;1;;0;2021-12-08;1;ACTIVO
476;POLRECOLMUL;POLIPROPILENO DE EXTRUSION COLOR MULTIHONOR;;1;1;12;1;1;1;;0;2021-12-08;1;ACTIVO
477;POLRECOLNOD;POLIPROPILENO RECUPERADO ECUSACOS;;1;1;13;1;1;1;;0;2021-12-08;1;ACTIVO
478;POLRECUCITE;POLIPROPILENO RECUPERADO CITERA;;1;1;13;1;1;1;;0;2021-12-08;1;ACTIVO
479;POLRECUPBAJ;POLIPROPILENO RECUPERADO BAJA DENSIDAD;;1;1;13;1;1;1;;0;2021-12-08;1;ACTIVO
480;POLRPELEOCH;POLIPROPILENO PELETIZADO SACOS O.;;1;1;13;1;1;1;;0;2021-12-08;1;ACTIVO
481;PP LAMINA Z;PP LAMINA ZUÑIGA;;1;1;13;1;1;1;;0;2021-12-08;1;ACTIVO
482;PPAMAREZGRA;PP AMARILLO RECICLADO Z GRANEL;;1;1;13;1;1;1;;0;2021-12-08;1;ACTIVO
483;PPAMARILLO;PP AMARILLO;;1;1;13;1;1;1;;0;2021-12-08;1;ACTIVO
484;PPAZRECZG;PP AZUL RECICLADO Z GRANEL;;1;1;13;1;1;1;;0;2021-12-08;1;ACTIVO
485;PPAZUL;PP AZUL;;1;1;13;1;1;1;;0;2021-12-08;1;ACTIVO
486;PPBAGREMOL;PP BAGSA A REPROCESAR MOLIDO;;1;1;13;1;1;1;;0;2021-12-08;1;ACTIVO
487;PPBLANCO;PP BLANCO;;1;1;13;1;1;1;;0;2021-12-08;1;ACTIVO
488;PPC000001;PP COPO EXTRUSION PCC;;1;1;19;1;1;1;;0;2021-12-08;1;ACTIVO
489;PPCAFE;PP CAFE;;1;1;13;1;1;1;;0;2021-12-08;1;ACTIVO
490;PPCOLORESVA;PP COLORES VARIOS ALBAN;;1;1;13;1;1;1;;0;2021-12-08;1;ACTIVO
491;PPCOLRESINA;RESINA PP COLOR PELETIZADO;;1;1;13;1;1;1;;0;2021-12-08;1;ACTIVO
492;PPGRIS;PP GRIS;;1;1;13;1;1;1;;0;2021-12-08;1;ACTIVO
493;PPHORAF3462;PP HOMO RAFIA 3462;;1;1;12;1;1;1;;0;2021-12-08;1;ACTIVO
494;PPLAMINASAC;PP LAMINA SACOSTRIA;;1;1;13;1;1;1;;0;2021-12-08;1;ACTIVO
495;PPLAMZUÑ-LB;PP LAMINA ZUÑIGA- L&B;;1;1;13;1;1;1;;0;2021-12-08;1;ACTIVO
496;PPMIXRECPIL;PP  MIXTO RECICLADO PILAGUANO;;1;1;13;1;1;1;;0;2021-12-08;1;ACTIVO
497;PPMIXRECYUM;PP MIXTO RECICLADO YUMICEBA GRANEL;;1;1;13;1;1;1;;0;2021-12-08;1;ACTIVO
498;PPMIXRECZG;PP MIXTO RECICLADO Z GRANEL;;1;1;13;1;1;1;;0;2021-12-08;1;ACTIVO
499;PPNATFUNDAS;PP NATURAL PELETIZADO FUNDAS;;1;1;13;1;1;1;;0;2021-12-08;1;ACTIVO
500;PPNEGRECZ;PP NEGRO RECICLADO Z GRANEL;;1;1;13;1;1;1;;0;2021-12-08;1;ACTIVO
501;PPNEGRO;PP NEGRO;;1;1;13;1;1;1;;0;2021-12-08;1;ACTIVO
502;PPNUTECOPOL;POLIPROPILENO PP NUTEC (COPOLIMERO);;1;1;12;1;1;1;;0;2021-12-08;1;ACTIVO
503;PPPOLIPADIT;PP POLIPROPILENO ADITIVO;;1;1;26;1;1;1;;0;2021-12-08;1;ACTIVO
504;PPRECICLAZ;PP RECICLADO Z. MIXTO;;1;1;13;1;1;1;;0;2021-12-08;1;ACTIVO
505;PPREMIXFER;PP RECUPERADO MIXTO FERANDEZ;;1;1;13;1;1;1;;0;2021-12-08;1;ACTIVO
506;PPROJASACO;PP ROJO SAC.;;1;1;13;1;1;1;;0;2021-12-08;1;ACTIVO
507;PPROJOALBA0;PELETIZADO ROJO ALBAN;;1;1;13;1;1;1;;0;2021-12-08;1;ACTIVO
508;PPSOTRANOVA;PELET POLIPROPILENO SOPLADO TRANSPARENTE NOVARED;;1;1;13;1;1;1;;0;2021-12-08;1;ACTIVO
509;PPVARIOKHAP;PP REPROCESADO VRIOS COLORES KHAPA;;1;1;13;1;1;1;;0;2021-12-08;1;ACTIVO
510;PPVIRGENPLZ;PP VIRGEN SR. PLAZA;;1;1;12;1;1;1;;0;2021-12-08;1;ACTIVO
511;PROBCAR0001;"BOBINAS DE CARTON 8"" X 150MM X 8MM";;1;1;8;1;1;1;;0;2021-12-08;1;ACTIVO
512;PROBCAR0002;BOBINAS DE CARTON 152.4MM X 150MM X 6MM;;1;1;8;1;1;1;;0;2021-12-08;1;ACTIVO
513;PROBCAR0003;BOBINA DE CARTON 152.4 MM X 130MM X 6 MM;;1;1;8;1;1;1;;0;2021-12-08;1;ACTIVO
514;PRODPLASTVA;PRODUCTOS PLASTICOS VARIOS;;1;1;23;1;1;1;;0;2021-12-08;1;ACTIVO
515;PRONEG14841;PIGMENTO NEGRO 14841 (PROVELAN);;1;1;10;1;1;1;;0;2021-12-08;1;ACTIVO
516;PTDESBUL001;PT DESPERDICIO  BUHLER;;1;1;13;1;1;1;;0;2021-12-08;1;ACTIVO
517;PTHOAZULSIN;PT HOJUELAS PET LAVADO AZUL SIN IMP;;1;1;13;1;1;1;;0;2021-12-08;1;ACTIVO
518;PTHOJAMA001;PET HOJUELA AMARILLO;;1;1;13;1;1;1;;0;2021-12-08;1;ACTIVO
519;PTHOJCREM01;PET HOJUELA CREMA;;1;1;13;1;1;1;;0;2021-12-08;1;ACTIVO
520;PTHOJLAVAMB;PT HOJUELAS DE LAVADO AMBAR;;1;1;13;1;1;1;;0;2021-12-08;1;ACTIVO
521;PTHOJLAVVER;PT HOJUELAS DE PET VERDE EXPORECICLA;;1;1;13;1;1;1;;0;2021-12-08;1;ACTIVO
522;PTHOJSINLAV;PT HOJUELA PET SIN LAVAR AZUL;;1;1;13;1;1;1;;0;2021-12-08;1;ACTIVO
523;PTLAVZUL220;PT HOJUELAS DE PET LAVADO AZUL V220;;1;1;13;1;1;1;;0;2021-12-08;1;ACTIVO
524;PTMIXRECPIL;PET MIXTO RECICLADO PILAGUANO;;1;1;13;1;1;1;;0;2021-12-08;1;ACTIVO
525;PTMIXRECZG;PET MIXTO RECICLADO Z GRANEL;;1;1;13;1;1;1;;0;2021-12-08;1;ACTIVO
526;PTMOLIDONA;PET MOLIDO NATURAL;;1;1;13;1;1;1;;0;2021-12-08;1;ACTIVO
527;PTMOLMUR001;PETMOLIDO MURILLOS  VARIOS;;1;1;13;1;1;1;;0;2021-12-08;1;ACTIVO
528;PURGA;PURGA;;1;1;15;1;1;1;;0;2021-12-08;1;ACTIVO
529;RAFIA000001;POLIPROPILENO PREPARADO NARANJA;;1;1;18;1;1;1;;0;2021-12-08;1;ACTIVO
530;RECBAGEC;POLIPROPILENO RECICLADO BAGSA (ECUSACO);;1;1;13;1;1;1;;0;2021-12-08;1;ACTIVO
531;RECBAGSA;POLIPROPILENO RECICLADO BAGSA 2014;;1;1;13;1;1;1;;0;2021-12-08;1;ACTIVO
532;RECMERMA;MERMA;;1;1;9;1;1;1;;0;2021-12-08;1;ACTIVO
533;RECSABAG;SACOS PARA PELETIZAR BAGSA;;1;1;9;1;1;1;;0;2021-12-08;1;ACTIVO
534;RECY70;RECICLADO 70 R-PETRESIN TEXTI;;1;1;13;1;1;1;;0;2021-12-08;1;ACTIVO
535;RECY84;RECICLADO  84 R-PET RESIN;;1;1;13;1;1;1;;0;2021-12-08;1;ACTIVO
536;REEMBGTOS;SERVICIO DE ADECUACION DE PLANTA;;1;1;28;1;1;1;;0;2021-12-08;1;ACTIVO
537;RESCASTTRA;RESINA REPROCESADO CAST TRANSPARENTE;;1;1;13;1;1;1;;0;2021-12-08;1;ACTIVO
538;RESIPELE;POLIPROPILENO RESINA PELETIZADO;;1;1;12;1;1;1;;0;2021-12-08;1;ACTIVO
539;RESPELE;RESIDUOS PELETIZADO;;1;1;13;1;1;1;;0;2021-12-08;1;ACTIVO
540;ROLBIC1H25;ROLLO CABO 5 BICOLOR 1H25;;1;1;2;1;1;1;;0;2021-12-08;1;ACTIVO
541;ROLBIC1H30;ROLLO CABO4.55 BICOLOR 1H30;;1;1;2;1;1;1;;0;2021-12-08;1;ACTIVO
542;ROLCABNA1H4;ROLLO CABO 5 KG NARANJA 1H40;;1;1;31;1;1;1;;0;2021-12-08;1;ACTIVO
543;ROLLCABNAR;ROLLO CABO 5 KG NARANJA 1H25;;1;1;31;1;1;1;;0;2021-12-08;1;ACTIVO
544;ROLLCABNAR2;ROLLO CABO 4.54 KG NARANJA 1H21;;1;1;2;1;1;1;;0;2021-12-08;1;ACTIVO
545;ROLLCABNAR3;ROLLO CABO 4.54 KG NARANJA 1H30;;1;1;2;1;1;1;;0;2021-12-08;1;ACTIVO
546;ROLLCBIC4;ROLLO CABO4.55 BICOLOR 1H25;;1;1;2;1;1;1;;0;2021-12-08;1;ACTIVO
547;ROLLFUNDA;ROLLOS DE FUNDAS;;1;1;14;1;1;1;;0;2021-12-08;1;ACTIVO
548;RPCABNAR455;ROLLO DE PLANTILLA CABO NARANJA 4.55KG 1H25;;1;1;32;1;1;1;;0;2021-12-08;1;ACTIVO
549;SABI504PP;SABIC 504P PP RAFFIA ;;1;1;12;1;1;1;;0;2021-12-08;1;ACTIVO
550;SABIC500PP;SABIC 500P PP RAFIA;;1;1;12;1;1;1;;0;2021-12-08;1;ACTIVO
551;SACCA000001;SACO EL MOLINO CON AGARRADERA;;1;1;5;1;1;1;;0;2021-12-08;1;ACTIVO
552;SACOSPEL;SACOS PELETIZADO ALBAN;;1;1;13;1;1;1;;0;2021-12-08;1;ACTIVO
553;SACUSA;SACOS USADOS;;1;1;27;1;1;1;;0;2021-12-08;1;ACTIVO
554;SASAG000001;SACO EL MOLINO SIN AGARRADERA;;1;1;5;1;1;1;;0;2021-12-08;1;ACTIVO
555;SCRAPAGLOPT;SCRAP AGLOMERADO Z (NOVARED);;1;1;13;1;1;1;;0;2021-12-08;1;ACTIVO
556;SEMAQ000001;SERVICIO DE MAQUILA CABOS;;1;1;2;1;1;1;;0;2021-12-08;1;ACTIVO
557;SEPAL000001;SERVICIO PALETIZADO POLIPOPILENO DE RAFI;;1;1;12;1;1;1;;0;2021-12-08;1;ACTIVO
558;SERVILLETER;SERVILLETERO PLASTICO;;1;1;23;1;1;1;;0;2021-12-08;1;ACTIVO
559;STECH4K 500;CINTA STRECH FILM 500MM (4.30KL);;1;1;20;1;1;1;;0;2021-12-08;1;ACTIVO
560;STRECH250;ROLLO STRECH FILM 250MM (2.25 KL);;1;1;20;1;1;1;;0;2021-12-08;1;ACTIVO
561;STRECH380;ROLLO STRECH FILM 380MM (3.275 KL);;1;1;20;1;1;1;;0;2021-12-08;1;ACTIVO
562;TACPLA40*15;TACHO PLASTICO 40*15 CM;;1;1;23;1;1;1;;0;2021-12-08;1;ACTIVO
563;TACPLA50*17;TACHO PLASTICO 50*17 CM;;1;1;23;1;1;1;;0;2021-12-08;1;ACTIVO
564;TACPLA90*28;TACHO PLASTICO 90*28;;1;1;23;1;1;1;;0;2021-12-08;1;ACTIVO
565;TAPA AZULSA;TAPA AZUL SACOSTRIA;;1;1;13;1;1;1;;0;2021-12-08;1;ACTIVO
566;TAPAMOLIVEL;TAPA MOLIDA VELASQUEZ;;1;1;13;1;1;1;;0;2021-12-08;1;ACTIVO
567;TAPAPELET;TAPA PELETIZADA VARIOS COLORES;;1;1;13;1;1;1;;0;2021-12-08;1;ACTIVO
568;TAPAPELZ-M;TAPA PELETIZADA;;1;1;13;1;1;1;;0;2021-12-08;1;ACTIVO
569;TAPAPOMVC;TAPAS DE POMAS VARIOS COLORES;;1;1;13;1;1;1;;0;2021-12-08;1;ACTIVO
570;TAPAROJAVEL;TAPA ROJA VELASQUEZ;;1;1;13;1;1;1;;0;2021-12-08;1;ACTIVO
571;TAPAVARCOLV;TAPA PELETIZADA VARIOS COLORES V.;;1;1;13;1;1;1;;0;2021-12-08;1;ACTIVO
572;TAPAZULPLA;TAPA AZUL PELETIZADA SR. PLAZA;;1;1;13;1;1;1;;0;2021-12-08;1;ACTIVO
573;TAPAZUNIG;TAPA VARIOS COLORES ZUÑIGA;;1;1;9;1;1;1;;0;2021-12-08;1;ACTIVO
574;TAPETIQ;TAPAS Y ETIQUETAS ETR;;1;1;13;1;1;1;;0;2021-12-08;1;ACTIVO
575;TELPANALNUE;TELA PAÑAL RECICLADA;;1;1;9;1;1;1;;0;2021-12-08;1;ACTIVO
576;TULA0000001;TULAS PARA EMBALAJE;;1;1;5;1;1;1;;0;2021-12-08;1;ACTIVO
577;TULAS;TULAS VACIAS ;;1;1;13;1;1;1;;0;2021-12-08;1;ACTIVO
578;UV000000001;UV ;;1;1;10;1;1;1;;0;2021-12-08;1;ACTIVO
579;UV00000002;UV;;1;1;26;1;1;1;;0;2021-12-08;1;ACTIVO
580;UVFLEX;UV FLEX CASTILLO;;1;1;12;1;1;1;;0;2021-12-08;1;ACTIVO
581;VEHHYUN;AUTOMOVIL HYUNDAI TUCSON BLANCO;;1;1;21;1;1;1;;0;2021-12-08;1;ACTIVO
582;VEHICULO;HYUNDAI TUCSON ;;1;1;21;1;1;1;;0;2021-12-08;1;ACTIVO
583;VEHIRES1.6;VEHICULO RENAULT SANDERO 1.6;;1;1;21;1;1;1;;0;2021-12-08;1;ACTIVO
584;VEL8K1400V4;ZUNCHO VERDE LABRADO 8KG 1400 MT;;1;1;16;1;1;1;;0;2021-12-08;1;ACTIVO
585;VER5K1000V4;ZUNCHO VERDE CLARO 5KG 1000MT N;;1;1;16;1;1;1;;0;2021-12-08;1;ACTIVO
586;VER6K1300V4;ZUNCHO VERDE 6KG 1300MT;;1;1;16;1;1;1;;0;2021-12-08;1;ACTIVO
587;VRDCALIDPVC;VERDE CALIDAD ALTO PVC INTERCIA;;1;1;13;1;1;1;;0;2021-12-08;1;ACTIVO
588;VTAVEHIC;VEHICULO CHEVROLET D-MAX CAMIONETA BLANCA DOBLE CABINA;;1;1;21;1;1;1;;0;2021-12-08;1;ACTIVO
589;ZARANDACLAR;ZARANDA CLARO INTERCIA;;1;1;13;1;1;1;;0;2021-12-08;1;ACTIVO
590;ZARANDAVERD;ZARANDA VERDE INTERCIA;;1;1;13;1;1;1;;0;2021-12-08;1;ACTIVO
591;ZARANDRETCL;ZARANDA RETORNABLE CLARO INTERCIA;;1;1;13;1;1;1;;0;2021-12-08;1;ACTIVO
592;ZUBLA5KG850;ZUNCHO BLANCO 5KG 850 MTS N;;1;1;16;1;1;1;;0;2021-12-08;1;ACTIVO
593;ZUBLA5KMA;ZUNCHO BLANCO 5KG 1000 MST M.A;;1;1;16;1;1;1;;0;2021-12-08;1;ACTIVO
594;ZUMAMA00006;ZUNCHO AMARILLO 10KG6MM;;1;1;16;1;1;1;;0;2021-12-08;1;ACTIVO
595;ZUN AMA REC;ZUNCHO AMARILLO RECICLADO PARA PALETIZAR;;1;1;16;1;1;1;;0;2021-12-08;1;ACTIVO
596;ZUN PRCA5KG;ZUNCHO PRUEBA CALIDAD 5 KG CV20;;1;1;30;1;1;1;;0;2021-12-08;1;ACTIVO
597;ZUN PRCA6KG;ZUNCHO PRUEBA CALIDAD 6KG CV20;;1;1;30;1;1;1;;0;2021-12-08;1;ACTIVO
598;ZUN PRCA7KG;ZUNCHO PRUEBA CALIDAD 7KG CV20;;1;1;30;1;1;1;;0;2021-12-08;1;ACTIVO
599;ZUN PRCA8KG;ZUNCHO PRUEBA CALIDAD 8 KG CV20;;1;1;30;1;1;1;;0;2021-12-08;1;ACTIVO
600;ZUN PRCA9KG;ZUNCHO PRUEBA CALIDAD 9KG CV20;;1;1;30;1;1;1;;0;2021-12-08;1;ACTIVO
601;ZUN PRCACV2;ZUNCHO PRUEBA CALIDAD 6.5 KG CV20;;1;1;30;1;1;1;;0;2021-12-08;1;ACTIVO
602;ZUN1000V3;ZUNCHO NARANJA 5KG 5MM 1000MT V3;;1;1;16;1;1;1;;0;2021-12-08;1;ACTIVO
603;ZUN1100V3;ZUNCHO NARANJA 5KG 5MM 1100 MTRS;;1;1;16;1;1;1;;0;2021-12-08;1;ACTIVO
604;ZUN6KG;ZUNCHO AZUL 6KG 1200 MTRS N;;1;1;16;1;1;1;;0;2021-12-08;1;ACTIVO
605;ZUN6KGN;ZUNCHO AZUL 6KG 950 MTRS N;;1;1;16;1;1;1;;0;2021-12-08;1;ACTIVO
606;ZUNAM10LABR;ZUNCHO AMARILLO 10KG 5MM 2300MT V1 LABRA;;1;1;16;1;1;1;;0;2021-12-08;1;ACTIVO
607;ZUNAM10V3;ZUNCHO AMARILLO 10KG 5MM 2300MT V2;;1;1;16;1;1;1;;0;2021-12-08;1;ACTIVO
608;ZUNAM5K1100;ZUNCHO AMARILLO 5KG 5MM 1100MT V2;;1;1;16;1;1;1;;0;2021-12-08;1;ACTIVO
609;ZUNAM5K800M;ZUNCHO AMARILLO 5KG 800 MTRS N;;1;1;16;1;1;1;;0;2021-12-08;1;ACTIVO
610;ZUNAM5KG;ZUNCHO AMARILLO 5KG 1000 MTRS N;;1;1;16;1;1;1;;0;2021-12-08;1;ACTIVO
611;ZUNAM5KG750;ZUNCHO AMARILLO 6KG 750 MTRS N;;1;1;16;1;1;1;;0;2021-12-08;1;ACTIVO
612;ZUNAM5KG900;ZUNCHO AMARILLO 5KG 900 MTRS N;;1;1;16;1;1;1;;0;2021-12-08;1;ACTIVO
613;ZUNAM5KG90B;ZUNCHO AMARILLO 5KG 900 MTRS N;;1;1;16;1;1;1;;0;2021-12-08;1;ACTIVO
614;ZUNAM5KG950;ZUNCHO AMARILLO 5KG 950 MTRS N;;1;1;16;1;1;1;;0;2021-12-08;1;ACTIVO
615;ZUNAM5KN;ZUNCHO AMARILLO 5KG 1100 MTRS N;;1;1;16;1;1;1;;0;2021-12-08;1;ACTIVO
616;ZUNAM6KG;ZUNCHO AMARILLO 6KG 1200 MTRS N;;1;1;16;1;1;1;;0;2021-12-08;1;ACTIVO
617;ZUNAM6KG140;ZUNCHO AMARILLO 6KG 1200 MTRS;;1;1;16;1;1;1;;0;2021-12-08;1;ACTIVO
618;ZUNAM7KG;ZUNCHO AMARILLO 7KG 1300 MTRS N;;1;1;16;1;1;1;;0;2021-12-08;1;ACTIVO
619;ZUNAMA00001;ZUNCHO AMARILLO 4.5 KG 12MM;;1;1;1;1;1;1;;0;2021-12-08;1;ACTIVO
620;ZUNAMA00004;ZUNCHO AMARILLO 9 KG 6MM;;1;1;1;1;1;1;;0;2021-12-08;1;ACTIVO
621;ZUNAMA00005;ZUNCHO AMARILLO 10KG 12MM;;1;1;16;1;1;1;;0;2021-12-08;1;ACTIVO
622;ZUNAMA00007;ZUNCHO AMARILLO 8KG 6MM;;1;1;16;1;1;1;;0;2021-12-08;1;ACTIVO
623;ZUNAMA00009;ZUNCHO AMARILLO 15KG 12MM;;1;1;16;1;1;1;;0;2021-12-08;1;ACTIVO
624;ZUNAMA00010;ZUNCHO AMARILLO 5KG 5MM 1100MT - V3;;1;1;16;1;1;1;;0;2021-12-08;1;ACTIVO
625;ZUNAMA00011;ZUNCHO AMARILLO 4MM 4.5KG;;1;1;16;1;1;1;;0;2021-12-08;1;ACTIVO
626;ZUNAMA00012;ZUNCHO AMARILLO 4.6 KG X 4.2MM 1300MT-V1;;1;1;16;1;1;1;;0;2021-12-08;1;ACTIVO
627;ZUNAMA00015;ZUNCHO AMARILLO 5KG 5MM 1100MT- V1;;1;1;16;1;1;1;;0;2021-12-08;1;ACTIVO
628;ZUNAMA00016;ZUNCHO AMARILLO 4.6KG 4MM;;1;1;16;1;1;1;;0;2021-12-08;1;ACTIVO
629;ZUNAMA00017;ZUNCHO AMARILLO 6KG;;1;1;16;1;1;1;;0;2021-12-08;1;ACTIVO
630;ZUNAMA00018;ZUNCHO AMARILLO 5KG 5MM 1300MT - V1;;1;1;16;1;1;1;;0;2021-12-08;1;ACTIVO
631;ZUNAMA10;ZUNCHO AMARILLO 10KG 5MM 2300MT V1;;1;1;16;1;1;1;;0;2021-12-08;1;ACTIVO
632;ZUNAMA1200N;ZUNCHO AMARILLO 6.5KG 1200 MTRS N;;1;1;16;1;1;1;;0;2021-12-08;1;ACTIVO
633;ZUNAMA2000V;ZUNCHO AMARILLO 8KG 5MM 2000MT V2;;1;1;16;1;1;1;;0;2021-12-08;1;ACTIVO
634;ZUNAMA5K750;ZUNCHO AMARILLO 5KG 750 MTRS N;;1;1;16;1;1;1;;0;2021-12-08;1;ACTIVO
635;ZUNAMA5K850;ZUNCHO AMARILLO 5KG 850 MT N;;1;1;16;1;1;1;;0;2021-12-08;1;ACTIVO
636;ZUNAMA5K85C;ZUNCHO AMARILLO 5KG 850 MTS N-C;;1;1;16;1;1;1;;0;2021-12-08;1;ACTIVO
637;ZUNAMA5MA;ZUNCHO AMARILLO 5KG 850 MTS M.A;;1;1;16;1;1;1;;0;2021-12-08;1;ACTIVO
638;ZUNAMA71000;ZUNCHO AMARILLO 7KG 1000 MTRS N;;1;1;16;1;1;1;;0;2021-12-08;1;ACTIVO
639;ZUNAMA71200;ZUNCHO AMARILLO 7KG 1200 MTRS N;;1;1;16;1;1;1;;0;2021-12-08;1;ACTIVO
640;ZUNAMA8200M;ZUNCHO AMARILLO 8.5KG 5MM 2000MT V2;;1;1;16;1;1;1;;0;2021-12-08;1;ACTIVO
641;ZUNAMAG0001;ZUNCHO AGRICOLA AMARILLO 10K 6MM;;1;1;6;1;1;1;;0;2021-12-08;1;ACTIVO
642;ZUNAMAG0002;ZUNCHO AGRICOLA AMARILLO 8K 6MM;;1;1;6;1;1;1;;0;2021-12-08;1;ACTIVO
643;ZUNAMALAB5K;ZUNCHO AMARILLO LABRADO 5KG 700 MTR N;;1;1;16;1;1;1;;0;2021-12-08;1;ACTIVO
644;ZUNAMAR1400;ZUNCHO AMARILLO 8KG 1400 MTRS N;;1;1;16;1;1;1;;0;2021-12-08;1;ACTIVO
645;ZUNAMAR8;ZUNCHO AMARILLO 8KG 1400  M.A;;1;1;16;1;1;1;;0;2021-12-08;1;ACTIVO
646;ZUNAMARI6KG;ZUNCHO AMARILLO 6K 1400 MTRS - V1;;1;1;16;1;1;1;;0;2021-12-08;1;ACTIVO
647;ZUNAMARI7KG;ZUNCHO AMARILLO 7KG 1400MTS N;;1;1;16;1;1;1;;0;2021-12-08;1;ACTIVO
648;ZUNAMARI8KG;ZUNCHO AMARILLO 8KG 1800 MTRS V1;;1;1;16;1;1;1;;0;2021-12-08;1;ACTIVO
649;ZUNAP000001;ZUNCHO AZUL PLATA 8KG  6MM;;1;1;16;1;1;1;;0;2021-12-08;1;ACTIVO
650;ZUNAP000002;ZUNCHO AZUL 6.5 KG;;1;1;16;1;1;1;;0;2021-12-08;1;ACTIVO
651;ZUNAP000003;ZUNCHO AZUL 8KG;;1;1;16;1;1;1;;0;2021-12-08;1;ACTIVO
652;ZUNAR5G850;ZUNCHO NARANJA 5KG 850 MTS N;;1;1;16;1;1;1;;0;2021-12-08;1;ACTIVO
653;ZUNARV00001;ZUNCHO NARANJA 5KG 5MM 1100MT - V1;;1;1;16;1;1;1;;0;2021-12-08;1;ACTIVO
654;ZUNARV00002;ZUNCHO NARANJA 5KG 5MM 1300MT V2;;1;1;16;1;1;1;;0;2021-12-08;1;ACTIVO
655;ZUNAZL91530;ZUNCHO AZUL 9 KG 1530 MT N;;1;1;16;1;1;1;;0;2021-12-08;1;ACTIVO
656;ZUNAZR00001;ZUNCHO AZUL 10KG 6MM 2000MT - V4;;1;1;16;1;1;1;;0;2021-12-08;1;ACTIVO
657;ZUNAZU00001;ZUNCHO AZUL 10KG 6 MM;;1;1;16;1;1;1;;0;2021-12-08;1;ACTIVO
658;ZUNAZU00002;ZUNCHO AZUL 5KG 5MM 1100MT- V2;;1;1;16;1;1;1;;0;2021-12-08;1;ACTIVO
659;ZUNAZU00003;ZUNCHO AZUL 5KG 5MM 1100MT V1;;1;1;16;1;1;1;;0;2021-12-08;1;ACTIVO
660;ZUNAZU0001;ZUNCHO AZUL 5KG 5MM 1250MT- V2;;1;1;16;1;1;1;;0;2021-12-08;1;ACTIVO
661;ZUNAZU10KG;ZUNCHO AZUL 10KG 5MM 2300MT V2;;1;1;16;1;1;1;;0;2021-12-08;1;ACTIVO
662;ZUNAZU5K750;ZUNCHO AZUL 5KG 750 MT N;;1;1;16;1;1;1;;0;2021-12-08;1;ACTIVO
663;ZUNAZU5K800;ZUNCHO AZUL 5KG 800 MT N;;1;1;16;1;1;1;;0;2021-12-08;1;ACTIVO
664;ZUNAZU5K850;ZUNCHO AZUL 5KG 850 MT N;;1;1;16;1;1;1;;0;2021-12-08;1;ACTIVO
665;ZUNAZU5K900;ZUNCHO AZUL 5KG 900 MTS N;;1;1;16;1;1;1;;0;2021-12-08;1;ACTIVO
666;ZUNAZU5KGN;ZUNCHO AZUL 5KG 5MM 1100 MT N;;1;1;16;1;1;1;;0;2021-12-08;1;ACTIVO
667;ZUNAZU5KGN1;ZUNCHO AZUL 5KG 1000 MT N;;1;1;16;1;1;1;;0;2021-12-08;1;ACTIVO
668;ZUNAZU5KMA;ZUNCHO AZUL 5KG 850 M.A;;1;1;16;1;1;1;;0;2021-12-08;1;ACTIVO
669;ZUNAZU6KG;ZUNCHO AZUL 6KG V4 1400 MTRS;;1;1;16;1;1;1;;0;2021-12-08;1;ACTIVO
670;ZUNAZU6KGMA;ZUNCHO AZUL 6KG V4 1400 MTRS M.A;;1;1;16;1;1;1;;0;2021-12-08;1;ACTIVO
671;ZUNAZU71000;ZUNCHO AZUL 7KG 1000 MTRS N;;1;1;16;1;1;1;;0;2021-12-08;1;ACTIVO
672;ZUNAZU71400;ZUNCHO AZUL 7KG 1400 MTRS N;;1;1;16;1;1;1;;0;2021-12-08;1;ACTIVO
673;ZUNAZU7KG12;ZUNCHO AZUL 7KG 1200 MTS N;;1;1;16;1;1;1;;0;2021-12-08;1;ACTIVO
674;ZUNAZU8K120;ZUNCHO AZUL 8KG 1200 MTS N;;1;1;16;1;1;1;;0;2021-12-08;1;ACTIVO
675;ZUNAZU8K130;ZUNCHO AZUL 8KG 1300 MTS N;;1;1;16;1;1;1;;0;2021-12-08;1;ACTIVO
676;ZUNAZU8K140;ZUNCHO AZUL 8KG 1400MTS N;;1;1;16;1;1;1;;0;2021-12-08;1;ACTIVO
677;ZUNAZU8KG;ZUNCHO AZUL 8KG 1600 MTS V4;;1;1;16;1;1;1;;0;2021-12-08;1;ACTIVO
678;ZUNAZU8KGN;ZUNCHO AZUL 8KG 1600 MTS N;;1;1;16;1;1;1;;0;2021-12-08;1;ACTIVO
679;ZUNAZUL5K;ZUNCHO AZUL 5KG 1200 MT V4;;1;1;16;1;1;1;;0;2021-12-08;1;ACTIVO
680;ZUNAZUL7.5N;ZUNCHO AZUL 7.5 KG 1500 MTRS N;;1;1;16;1;1;1;;0;2021-12-08;1;ACTIVO
681;ZUNAZUL8110;ZUNCHO AZUL 8KG 1100MTS V4;;1;1;16;1;1;1;;0;2021-12-08;1;ACTIVO
682;ZUNAZUL8K;ZUNCHO AZUL 8KG 1200 MTR V4;;1;1;17;1;1;1;;0;2021-12-08;1;ACTIVO
683;ZUNAZUL8KG;ZUNCHO AZUL 8KL 1700;;1;1;16;1;1;1;;0;2021-12-08;1;ACTIVO
684;ZUNAZULAB5;ZUNCHO AZUL LABRADO 5KG 750 MTR;;1;1;16;1;1;1;;0;2021-12-08;1;ACTIVO
685;ZUNAZULAB8;ZUNCHO AZUL LABRADO 8KG 1200 MTR;;1;1;16;1;1;1;;0;2021-12-08;1;ACTIVO
686;ZUNAZULAB8K;ZUNCHO AZUL LABRADO 8KG 1400 MTS N;;1;1;16;1;1;1;;0;2021-12-08;1;ACTIVO
687;ZUNAZUV3;ZUNCHO AZUL 5KG 5MM 1100 MT;;1;1;16;1;1;1;;0;2021-12-08;1;ACTIVO
688;ZUNBICO0002;ZUNCHO AMARILLO 5KG 5MM 1300MT - V2;;1;1;16;1;1;1;;0;2021-12-08;1;ACTIVO
689;ZUNBL6KG;ZUNCHO BLANCO 6KG 1200 MTRS N;;1;1;16;1;1;1;;0;2021-12-08;1;ACTIVO
690;ZUNBL6KGMA;ZUNCHO BLANCO 6KG 1200 MTRS M.A;;1;1;16;1;1;1;;0;2021-12-08;1;ACTIVO
691;ZUNBLA00005;ZUNCHO BLANCO 10KG 12MM;;1;1;16;1;1;1;;0;2021-12-08;1;ACTIVO
692;ZUNBLA00006;ZUNCHO AGRICOLA BLANCO 10K 6MM;;1;1;16;1;1;1;;0;2021-12-08;1;ACTIVO
693;ZUNBLA00007;ZUNCHO BLANCO AGRICOLA 10KG 6MM;;1;1;16;1;1;1;;0;2021-12-08;1;ACTIVO
694;ZUNBLA00010;ZUNCHO BLANCO 5KG 12MM;;1;1;1;1;1;1;;0;2021-12-08;1;ACTIVO
695;ZUNBLA00011;ZUNCHO BLANCO 8KG 6MM;;1;1;16;1;1;1;;0;2021-12-08;1;ACTIVO
696;ZUNBLA5K85C;ZUNCHO BLANCO 5KG 850 MTS N/C;;1;1;16;1;1;1;;0;2021-12-08;1;ACTIVO
697;ZUNBLAN001;ZUNCHO BLANCO 4.5 KG 12MM;;1;1;16;1;1;1;;0;2021-12-08;1;ACTIVO
698;ZUNC PLANAZ;ZUNCHO PLANTILLA AZUL 5KG;;1;1;30;1;1;1;;0;2021-12-08;1;ACTIVO
699;ZUNCA5KGN;ZUNCHO CAFE 5KG 5MM 1100 MT N;;1;1;16;1;1;1;;0;2021-12-08;1;ACTIVO
700;ZUNCA6KG;ZUNCHO CAFE 6KG 1200 MTRS N;;1;1;16;1;1;1;;0;2021-12-08;1;ACTIVO
701;ZUNCAF71200;ZUNCHO CAFE 7KG 1200 MTRS N;;1;1;16;1;1;1;;0;2021-12-08;1;ACTIVO
702;ZUNCAFE;ZUNCHO CAFE 9 KG 2000 MT V4;;1;1;16;1;1;1;;0;2021-12-08;1;ACTIVO
703;ZUNCAMAR7KG;ZUNCHO AMARILLO 7 KG 5MM 1540 MTRS V1;;1;1;16;1;1;1;;0;2021-12-08;1;ACTIVO
704;ZUNCAZ5KG16;ZUNCHO AZUL 5KG 1600 MTRS V2;;1;1;16;1;1;1;;0;2021-12-08;1;ACTIVO
705;ZUNCAZU6KG;ZUNCHO AZUL 6KG 1300 MTRS 5MM V4;;1;1;16;1;1;1;;0;2021-12-08;1;ACTIVO
706;ZUNCAZU9KG;ZUNCHO AZUL 9KG 1575 MTS N;;1;1;16;1;1;1;;0;2021-12-08;1;ACTIVO
707;ZUNCAZUL7KG;ZUNCHO AZUL 7KG 1631MTS;;1;1;16;1;1;1;;0;2021-12-08;1;ACTIVO
708;ZUNCAZULAB5;ZUNCHO AZUL LABRADO 5KG 850 MTS N;;1;1;16;1;1;1;;0;2021-12-08;1;ACTIVO
709;ZUNCCELEMOL;ZUNCHO CELESTE MOLETEADO 7KG 1300MTRS V4;;1;1;16;1;1;1;;0;2021-12-08;1;ACTIVO
710;ZUNCE6KG;ZUNCHO CELESTE 6KG 1200 MTRS N;;1;1;16;1;1;1;;0;2021-12-08;1;ACTIVO
711;ZUNCE7KGN;ZUNCHO CELESTE 6KG 1200 MTRS;;1;1;16;1;1;1;;0;2021-12-08;1;ACTIVO
712;ZUNCEL00001;ZUNCHO CELESTE 10 KG 6MM;;1;1;1;1;1;1;;0;2021-12-08;1;ACTIVO
713;ZUNCEL00002;ZUNCHO CELESTE 8 KG 6MM;;1;1;1;1;1;1;;0;2021-12-08;1;ACTIVO
714;ZUNCEL5KGN;ZUNCHO CELESTE 5KG 1000 MT N;;1;1;16;1;1;1;;0;2021-12-08;1;ACTIVO
715;ZUNCELE0001;ZUNCHO CELESTE 9 KG 2000 MT V4;;1;1;16;1;1;1;;0;2021-12-08;1;ACTIVO
716;ZUNCELE6K;ZUNCHO CELESTE 6KL 1400 MT V4;;1;1;16;1;1;1;;0;2021-12-08;1;ACTIVO
717;ZUNCELEMA;ZUNCHO CELESTE 9 KG 2000 MT M.A;;1;1;16;1;1;1;;0;2021-12-08;1;ACTIVO
718;ZUNCFUCSIA;ZUNCHO FUCSIA 6 KG 1400 MTRS V2;;1;1;16;1;1;1;;0;2021-12-08;1;ACTIVO
719;ZUNCGRIS7KG;ZUNCHO GRIS 7 KG 1630 MTRS;;1;1;16;1;1;1;;0;2021-12-08;1;ACTIVO
720;ZUNCGRIS9KG;ZUNCHO GRIS 9KG 5MM 2000MT V4;;1;1;16;1;1;1;;0;2021-12-08;1;ACTIVO
721;ZUNCHGRI7KG;ZUNCHO GRIS 7KG 1400 MTRS;;1;1;16;1;1;1;;0;2021-12-08;1;ACTIVO
722;ZUNCHMUBLAN;ZUNCHO MUESTRA BLANCO 8KG;;1;1;25;1;1;1;;0;2021-12-08;1;ACTIVO
723;ZUNCHMUEAMA;ZUNCHO MUESTRA AMARILLO 8;;1;1;25;1;1;1;;0;2021-12-08;1;ACTIVO
724;ZUNCHMUNEGR;ZUNCHO DE MUESTRA  NEGRO 10KG;;1;1;25;1;1;1;;0;2021-12-08;1;ACTIVO
725;ZUNCHNAR850;ZUNCHO NARANJA 5 KG 850 MTS N;;1;1;16;1;1;1;;0;2021-12-08;1;ACTIVO
726;ZUNCHOCALER;ZUNCHO SR. CALERO;;1;1;16;1;1;1;;0;2021-12-08;1;ACTIVO
727;ZUNCNEGR7.5;ZUNCHO NEGRO 7.5 KG 1750 MTRS - V4;;1;1;16;1;1;1;;0;2021-12-08;1;ACTIVO
728;ZUNCPETMURI;ZUNCHO PET MURILLO;;1;1;13;1;1;1;;0;2021-12-08;1;ACTIVO
729;ZUNCPLA5KG;ZUNCHO PLATA 5KG 5MM 1100MTRS- V2;;1;1;16;1;1;1;;0;2021-12-08;1;ACTIVO
730;ZUNCPLA8KG;ZUNCHO DE PLANTILLA 8KG;;1;1;16;1;1;1;;0;2021-12-08;1;ACTIVO
731;ZUNCPLACEL9;ZUNCHO PLANTILLA CELESTE 9KG;;1;1;30;1;1;1;;0;2021-12-08;1;ACTIVO
732;ZUNCPLAN6KG;ZUNCHO PLANTILLA AZUL 6KG;;1;1;30;1;1;1;;0;2021-12-08;1;ACTIVO
733;ZUNCPLAN8KG;ZUNCHO PLANTILLA AZUL 8KG;;1;1;30;1;1;1;;0;2021-12-08;1;ACTIVO
734;ZUNCPLAN9KG;ZUNCHO PLANTILLA AZUL 9KG;;1;1;30;1;1;1;;0;2021-12-08;1;ACTIVO
735;ZUNCR6KG;ZUNCHO CREMA 6KG 1200 MTRS N;;1;1;16;1;1;1;;0;2021-12-08;1;ACTIVO
736;ZUNCR7KG;ZUNCHO CREMA 7KG 1300 MTRS N;;1;1;16;1;1;1;;0;2021-12-08;1;ACTIVO
737;ZUNCROJO5KG;ZUNCHO ROJO 5KG 5MM 1100MTR;;1;1;16;1;1;1;;0;2021-12-08;1;ACTIVO
738;ZUNCROJO8KG;ZUNCHO ROJO 8 KG 1400 MTS N;;1;1;16;1;1;1;;0;2021-12-08;1;ACTIVO
739;ZUNCVER6KG;ZUNCHO VERDE 6 KG 1000 MTRS;;1;1;16;1;1;1;;0;2021-12-08;1;ACTIVO
740;ZUNCVER6N;ZUNCHO VERDE 6 KG 1200 MTS N;;1;1;16;1;1;1;;0;2021-12-08;1;ACTIVO
741;ZUNCVERD6KG;ZUNCHO VERDE 6KG 950 MTRS V4;;1;1;16;1;1;1;;0;2021-12-08;1;ACTIVO
742;ZUNCVERD8KG;ZUNCHO VERDE 8KG 1320 MTRS V4;;1;1;16;1;1;1;;0;2021-12-08;1;ACTIVO
743;ZUNCVERDE6K;ZUNCHO VERDE 6 KG 1400 MTRS V4;;1;1;16;1;1;1;;0;2021-12-08;1;ACTIVO
744;ZUNCVERL8N;ZUNCHO VERDE 8 KG 1200 MTS N;;1;1;16;1;1;1;;0;2021-12-08;1;ACTIVO
745;ZUNCVERLIS8;ZUNCHO VERDE 8 KG 1400 MTS;;1;1;16;1;1;1;;0;2021-12-08;1;ACTIVO
746;ZUNEG1200MA;ZUNCHO NEGRO LABRADO 8KG 1200MTS M.A;;1;1;16;1;1;1;;0;2021-12-08;1;ACTIVO
747;ZUNEG8K1320;ZUNCHO NEGRO MOLETEADO 8 KG 1320 MTRS V4;;1;1;16;1;1;1;;0;2021-12-08;1;ACTIVO
748;ZUNEG8KG130;ZUNCHO NEGRO LABRADO 8KG 1300 MTRS V4;;1;1;16;1;1;1;;0;2021-12-08;1;ACTIVO
749;ZUNEGRO7KGN;ZUNCHO NEGRO 6KG 1400MTRS N;;1;1;16;1;1;1;;0;2021-12-08;1;ACTIVO
750;ZUNELAB1400;ZUNCHO NEGRO LABRADO 6KG 1400 MTRS;;1;1;16;1;1;1;;0;2021-12-08;1;ACTIVO
751;ZUNFUC001;ZUNCHO FUCSIA 5KG 1100 MTS 5MM;;1;1;16;1;1;1;;0;2021-12-08;1;ACTIVO
752;ZUNGRIS001;ZUNCHO GRIS 6 KG 1400MTS;;1;1;16;1;1;1;;0;2021-12-08;1;ACTIVO
753;ZUNHAMA7;ZUNCHO AMARILLO 7KG 1200 M.A;;1;1;13;1;1;1;;0;2021-12-08;1;ACTIVO
754;ZUNHAZUL8;ZUNCHO AZUL 8KG 1400 M.A;;1;1;13;1;1;1;;0;2021-12-08;1;ACTIVO
755;ZUNLABVER6K;ZUNCHO VERDE LABRADO 6 KG 1400 MTRS;;1;1;16;1;1;1;;0;2021-12-08;1;ACTIVO
756;ZUNMUE00001;ZUNCHOS PRUEBA;;1;1;16;1;1;1;;0;2021-12-08;1;ACTIVO
757;ZUNMUESEGCL;ZUNCHO MUESTRA SEGUNDA CLASE;;1;1;16;1;1;1;;0;2021-12-08;1;ACTIVO
758;ZUNMUESSEGC;ZUNCHOS MUESTRA SEGUNDA CLASE;;1;1;16;1;1;1;;0;2021-12-08;1;ACTIVO
759;ZUNNA5KG850;ZUNCHO NARANJA 5KG 850 MTS N;;1;1;16;1;1;1;;0;2021-12-08;1;ACTIVO
760;ZUNNAR00002;ZUNCHO NARANJA 8 KG 6MM;;1;1;1;1;1;1;;0;2021-12-08;1;ACTIVO
761;ZUNNAR00003;ZUNCHO AGRICOLA NARANJA 8KG X 6MM;;1;1;16;1;1;1;;0;2021-12-08;1;ACTIVO
762;ZUNNAR00004;ZUNCHO NARANJA 5KG 5MM 1300MT -  V3;;1;1;16;1;1;1;;0;2021-12-08;1;ACTIVO
763;ZUNNAR00005;ZUNCHO NARANJA 4.6KG 4.2MM - V1;;1;1;16;1;1;1;;0;2021-12-08;1;ACTIVO
764;ZUNNAR10V3;ZUNCHO NARANJA 10KG 5MM 2600MT V2;;1;1;16;1;1;1;;0;2021-12-08;1;ACTIVO
765;ZUNNAR5K850;ZUNCHO NARANJA 5 KG 850 MTS N;;1;1;16;1;1;1;;0;2021-12-08;1;ACTIVO
766;ZUNNAR850N;ZUNCHO NARANJA 5 KG 850MTS N;;1;1;16;1;1;1;;0;2021-12-08;1;ACTIVO
767;ZUNNARA6KG1;ZUNCHO NARANJA 6KG 1400 MTRS 5MM V3;;1;1;16;1;1;1;;0;2021-12-08;1;ACTIVO
768;ZUNNARAN5KG;ZUNCHO NARANJA 5KG 1000 MTRS N;;1;1;16;1;1;1;;0;2021-12-08;1;ACTIVO
769;ZUNNARAN850;ZUNCHO NARANJA 5KG 950MTS N;;1;1;16;1;1;1;;0;2021-12-08;1;ACTIVO
770;ZUNNARAV3;ZUNCHO NARANJA 5KG 5MM 1100 METROS V3;;1;1;16;1;1;1;;0;2021-12-08;1;ACTIVO
771;ZUNNARJ001;ZUNCHO NARANJA 5KG 5MM 1100MT- V2;;1;1;16;1;1;1;;0;2021-12-08;1;ACTIVO
772;ZUNNARJ850N;ZUNCHO NARANJA 5KG 900 MTS N;;1;1;16;1;1;1;;0;2021-12-08;1;ACTIVO
773;ZUNNARN2000;ZUNCHO NARANJA 6KG 2000 MTRS V1;;1;1;16;1;1;1;;0;2021-12-08;1;ACTIVO
774;ZUNNE;ZUNCHO NEGRO LABRADO 6 KG 1200 MTS;;1;1;16;1;1;1;;0;2021-12-08;1;ACTIVO
775;ZUNNE6KG;ZUNCHO NEGRO 6KG 1200 MTRS N;;1;1;16;1;1;1;;0;2021-12-08;1;ACTIVO
776;ZUNNE6KGN;ZUNCHO NEGRO 6KG 1400 MTRS N;;1;1;16;1;1;1;;0;2021-12-08;1;ACTIVO
777;ZUNNE6KGV4;ZUNCHO NEGRO 6KG 1200 MTRS V4;;1;1;16;1;1;1;;0;2021-12-08;1;ACTIVO
778;ZUNNEG00001;ZUNCHO NEGRO 4.5 KG 12MM;;1;1;16;1;1;1;;0;2021-12-08;1;ACTIVO
779;ZUNNEG00002;ZUNCHO NEGRO 8KG 6MM;;1;1;1;1;1;1;;0;2021-12-08;1;ACTIVO
780;ZUNNEG00003;ZUNCHO NEGRO 5 KG 12MM;;1;1;16;1;1;1;;0;2021-12-08;1;ACTIVO
781;ZUNNEG00004;ZUNCHO NEGRO 10 KG 12MM -V4;;1;1;16;1;1;1;;0;2021-12-08;1;ACTIVO
782;ZUNNEG00005;ZUNCHO NEGRO 8 KG 12MM;;1;1;16;1;1;1;;0;2021-12-08;1;ACTIVO
783;ZUNNEG00006;ZUNCHO NEGRO 5 KL 6MM;;1;1;16;1;1;1;;0;2021-12-08;1;ACTIVO
784;ZUNNEG00007;ZUNCHO AGRICOLA NEGRO 8KG X 6MM;;1;1;16;1;1;1;;0;2021-12-08;1;ACTIVO
785;ZUNNEG00009;ZUNCHO NEGRO 8KG 7MM;;1;1;16;1;1;1;;0;2021-12-08;1;ACTIVO
786;ZUNNEG5KG;ZUNCHO NEGRO 5 KG 1100 MT V2;;1;1;16;1;1;1;;0;2021-12-08;1;ACTIVO
787;ZUNNEG7K130;ZUNCHO NEGRO MOLETEADO 7KG 1300MTRS V4;;1;1;16;1;1;1;;0;2021-12-08;1;ACTIVO
788;ZUNNEG7KGLA;ZUNCHO NEGRO MOLETEADO 7 KG 1400 MTRS;;1;1;16;1;1;1;;0;2021-12-08;1;ACTIVO
789;ZUNNEG8KG;ZUNCHO NEGRO LABRADO 8KG. 1400 MTS V4.;;1;1;16;1;1;1;;0;2021-12-08;1;ACTIVO
790;ZUNNEGR5.5;ZUNCHO NEGRO 6 KG 1300 MT V4;;1;1;16;1;1;1;;0;2021-12-08;1;ACTIVO
791;ZUNNEGR6K;ZUNCHO NEGRO 6KG 5MM V4 1400MT;;1;1;16;1;1;1;;0;2021-12-08;1;ACTIVO
792;ZUNNEGR8120;ZUNCHO NEGRO LABRADO 8KG 1200MTS;;1;1;16;1;1;1;;0;2021-12-08;1;ACTIVO
793;ZUNNEGRO3.5;ZUNCHO NEGRO 3.5KG 520 MTS;;1;1;16;1;1;1;;0;2021-12-08;1;ACTIVO
794;ZUNNEGRO3KG;ZUNCHO NEGRO PARA EMBALAR;;1;1;24;1;1;1;;0;2021-12-08;1;ACTIVO
795;ZUNNEGRO4KG;ZUNCHO NEGRO 4 KG 900 MTRS V4;;1;1;16;1;1;1;;0;2021-12-08;1;ACTIVO
796;ZUNNEGRO6KG;ZUNCHO NEGRO 6.5KG 12*0.75MM;;1;1;16;1;1;1;;0;2021-12-08;1;ACTIVO
797;ZUNNEGRO7KG;ZUNCHO NEGRO 5KG 1100MTS;;1;1;16;1;1;1;;0;2021-12-08;1;ACTIVO
798;ZUNNEGRO7KN;ZUNCHO NEGRO 7KG 5MM 1400MTRS N;;1;1;16;1;1;1;;0;2021-12-08;1;ACTIVO
799;ZUNNEGRO8KG;ZUNCHO NEGRO LISO 8KG 1400MTRS V4;;1;1;16;1;1;1;;0;2021-12-08;1;ACTIVO
800;ZUNNEGRVIRG;ZUNCHO NEGRO LABRADO 6KG 1100 MTRS V2;;1;1;16;1;1;1;;0;2021-12-08;1;ACTIVO
801;ZUNNERG8120;ZUNCHO NEGRO  8KG 1200MTS;;1;1;16;1;1;1;;0;2021-12-08;1;ACTIVO
802;ZUNNG4K932;ZUNCHO NEGRO 4 KG 932 MTS V4;;1;1;16;1;1;1;;0;2021-12-08;1;ACTIVO
803;ZUNPET6KG;ZUNCHO AZUL 6KG 1200 MTRS;;1;1;16;1;1;1;;0;2021-12-08;1;ACTIVO
804;ZUNPET7KG;ZUNCHO AZUL 7KG 1300 MTRS;;1;1;16;1;1;1;;0;2021-12-08;1;ACTIVO
805;ZUNPETAM5K;ZUNCHO AMARILLO 5KG 1100 MTRS;;1;1;16;1;1;1;;0;2021-12-08;1;ACTIVO
806;ZUNPETAM5KG;ZUNCHO AMARILLO 5KG 1000 MTRS;;1;1;16;1;1;1;;0;2021-12-08;1;ACTIVO
807;ZUNPETAM6KG;ZUNCHO AMARILLO 6KG 1200 MTRS;;1;1;16;1;1;1;;0;2021-12-08;1;ACTIVO
808;ZUNPETAM7KG;ZUNCHO AMARILLO 7KG 1300 MTRS;;1;1;16;1;1;1;;0;2021-12-08;1;ACTIVO
809;ZUNPETBL6KG;ZUNCHO BLANCO 6KG 1200 MTRS;;1;1;16;1;1;1;;0;2021-12-08;1;ACTIVO
810;ZUNPETCA7KG;ZUNCHO CAFE 6KG 1200 MTRS;;1;1;16;1;1;1;;0;2021-12-08;1;ACTIVO
811;ZUNPETCE7KG;ZUNCHO CELESTE 6KG 1200 MTRS;;1;1;16;1;1;1;;0;2021-12-08;1;ACTIVO
812;ZUNPETCR6KG;ZUNCHO CREMA 6KG 1200 MTRS;;1;1;16;1;1;1;;0;2021-12-08;1;ACTIVO
813;ZUNPETCR7KG;ZUNCHO CREMA 7KG 1300 MTRS;;1;1;16;1;1;1;;0;2021-12-08;1;ACTIVO
814;ZUNPETMOMU;ZUNCHO PET MOLIDO MURILLO;;1;1;13;1;1;1;;0;2021-12-08;1;ACTIVO
815;ZUNPLA00002;ZUNCHO PLATA/NEGRO 5KG 12MM - V4;;1;1;16;1;1;1;;0;2021-12-08;1;ACTIVO
816;ZUNPLA00003;ZUNCHO AGRICOLA PLATA 8K X 5MM;;1;1;16;1;1;1;;0;2021-12-08;1;ACTIVO
817;ZUNPLAAMA5K;ZUNCHO PLANTILLA AMARILLO 5KG;;1;1;30;1;1;1;;0;2021-12-08;1;ACTIVO
818;ZUNPLAAMA6K;ZUNCHO PLANTILLA AMARILLO 6KG;;1;1;30;1;1;1;;0;2021-12-08;1;ACTIVO
819;ZUNPLAAMA7K;ZUNCHO PLANTILLA AMARILLO 7KG;;1;1;30;1;1;1;;0;2021-12-08;1;ACTIVO
820;ZUNPLAAMA8K;ZUNCHO PLANTILLA AMARILLO 8KG;;1;1;16;1;1;1;;0;2021-12-08;1;ACTIVO
821;ZUNPLAN2;ZUNCHO DE PLANTILLA  6KL;;1;1;16;1;1;1;;0;2021-12-08;1;ACTIVO
822;ZUNPLAN5KG;ZUNCHO DE PLANTILLA 5KG;;1;1;16;1;1;1;;0;2021-12-08;1;ACTIVO
823;ZUNPLANBLA6;ZUNCHO PLANTILLA BLANCO 6KG;;1;1;30;1;1;1;;0;2021-12-08;1;ACTIVO
824;ZUNPLANNAR6;ZUNCHO PLANTILLA NARANJA 6KG;;1;1;30;1;1;1;;0;2021-12-08;1;ACTIVO
825;ZUNPLANVER5;ZUNCHO PLANTILLA VERDE 5KG;;1;1;30;1;1;1;;0;2021-12-08;1;ACTIVO
826;ZUNPLANVER6;ZUNCHO PLANTILLA VERDE 6KG;;1;1;30;1;1;1;;0;2021-12-08;1;ACTIVO
827;ZUNPLANVER9;ZUNCHO PLANTILLA VERDE 9KG;;1;1;30;1;1;1;;0;2021-12-08;1;ACTIVO
828;ZUNPLATI6KG;ZUNCHO PLATA 6 KG 1200MTS V4;;1;1;16;1;1;1;;0;2021-12-08;1;ACTIVO
829;ZUNPLAVER7;ZUNCHO PLANTILLA VERDE 7KG;;1;1;30;1;1;1;;0;2021-12-08;1;ACTIVO
830;ZUNPRU00002;ZUNCHOS VARIOS;;1;1;25;1;1;1;;0;2021-12-08;1;ACTIVO
831;ZUNPRUEBPET;ZUNCHO PRUEBA PET;;1;1;25;1;1;1;;0;2021-12-08;1;ACTIVO
832;ZUNPRUEBPP;ZUNCHO PRUEBA ALTA;;1;1;25;1;1;1;;0;2021-12-08;1;ACTIVO
833;ZUNRECICLAD;ZUNCHOS PARA PALETIZAR ;;1;1;16;1;1;1;;0;2021-12-08;1;ACTIVO
834;ZUNRO8K1400;ZUNCHO ROJO 8KG 5MM 1400 MTRS;;1;1;16;1;1;1;;0;2021-12-08;1;ACTIVO
835;ZUNROJ5KG;ZUNCHO ROJO 5KG 1000 MTRS N;;1;1;16;1;1;1;;0;2021-12-08;1;ACTIVO
836;ZUNROJO5KG;ZUNCHO ROJO 5KG 850 MTS N;;1;1;16;1;1;1;;0;2021-12-08;1;ACTIVO
837;ZUNVE5KG900;ZUNCHO VERDE 5KG 900 MTRS N;;1;1;16;1;1;1;;0;2021-12-08;1;ACTIVO
838;ZUNVEELAB5K;ZUNCHO VERDE LABRADO 5KG 850 MTS N;;1;1;16;1;1;1;;0;2021-12-08;1;ACTIVO
839;ZUNVER00008;ZUNCHO VERDE12.5 KG 12MM;;1;1;16;1;1;1;;0;2021-12-08;1;ACTIVO
840;ZUNVER10K18;ZUNCHO VERDE 10KG 1800MT V4;;1;1;16;1;1;1;;0;2021-12-08;1;ACTIVO
841;ZUNVER5K750;ZUNCHO VERDE 5KG 750 MTRS N;;1;1;16;1;1;1;;0;2021-12-08;1;ACTIVO
842;ZUNVER5KG;ZUNCHO VERDE 5KG 1100 MTRS;;1;1;16;1;1;1;;0;2021-12-08;1;ACTIVO
843;ZUNVER5KG16;ZUNCHO VERDE 5KG 1600 MTRS V4;;1;1;16;1;1;1;;0;2021-12-08;1;ACTIVO
844;ZUNVER5KG85;ZUNCHO VERDE 5KG 850 MTS N;;1;1;16;1;1;1;;0;2021-12-08;1;ACTIVO
845;ZUNVER5KGN;ZUNCHO VERDE 5KG 1000 MT N;;1;1;16;1;1;1;;0;2021-12-08;1;ACTIVO
846;ZUNVER5KGV4;ZUNCHO VERDE 5KGS 1000MTRS 5MM - V4;;1;1;16;1;1;1;;0;2021-12-08;1;ACTIVO
847;ZUNVER6KGMA;ZUNCHO VERDE 6KG 1400 MTRS M.A;;1;1;16;1;1;1;;0;2021-12-08;1;ACTIVO
848;ZUNVER7KG;ZUNCHO VERDE 7KG 1400MTS N;;1;1;16;1;1;1;;0;2021-12-08;1;ACTIVO
849;ZUNVER7KG12;ZUNCHO VERDE 7 1200 MTS N;;1;1;16;1;1;1;;0;2021-12-08;1;ACTIVO
850;ZUNVER81600;ZUNCHO VERDE 8 KG 1600MTS N;;1;1;16;1;1;1;;0;2021-12-08;1;ACTIVO
851;ZUNVER8KG10;ZUNCHO VERDE 8KG 1000 MTRS N;;1;1;16;1;1;1;;0;2021-12-08;1;ACTIVO
852;ZUNVER8KGV4;ZUNCHO VERDE 8KGS 1600MTRS 5MM- V4;;1;1;16;1;1;1;;0;2021-12-08;1;ACTIVO
853;ZUNVERD8KG1;ZUNCHO VERDE 8KG 1360 MTRS N;;1;1;16;1;1;1;;0;2021-12-08;1;ACTIVO
854;ZUNVERDE001;ZUNCHO VERDE 9KG 2000MT V4;;1;1;16;1;1;1;;0;2021-12-08;1;ACTIVO
855;ZUNVERDE6KG;ZUNCHO VERDE 6KG 1200MTS V4;;1;1;16;1;1;1;;0;2021-12-08;1;ACTIVO
856;ZUNVERDE6KN;ZUNCHO VERDE 6 KG 1400 MTS N;;1;1;16;1;1;1;;0;2021-12-08;1;ACTIVO
857;ZUNVERDRECI;ZUNCHO VERDE 7 KG 1300 MTS V4;;1;1;16;1;1;1;;0;2021-12-08;1;ACTIVO
858;ZUNVERLA120;ZUNCHO VERDE LABRADO 8 KG 1200MTS N;;1;1;16;1;1;1;;0;2021-12-08;1;ACTIVO
859;ZUNVERLAB8K;ZUNCHO VERDE LABRADO 8 KG 1400MTS N;;1;1;16;1;1;1;;0;2021-12-08;1;ACTIVO
860;ZUNVERLABRA;ZUNCHO VERDE LABRADO 8 KG 1600 MTS V4;;1;1;16;1;1;1;;0;2021-12-08;1;ACTIVO
861;ZUNVIO00001;ZUNCHO VIOLETA 6KG 5MM 1400MT - RI;;1;1;16;1;1;1;;0;2021-12-08;1;ACTIVO
862;ZUPLANARA5K;ZUNCHO PLANTILLA NARANJA 5KG;;1;1;30;1;1;1;;0;2021-12-08;1;ACTIVO
863;ZUPLANARA8K;ZUNCHO PLANTILLA NARANJA 8KG;;1;1;30;1;1;1;;0;2021-12-08;1;ACTIVO
864;ZUPLANELA6K;ZUNCHO PLANTILLA NEGRO LABRADO 6KG;;1;1;30;1;1;1;;0;2021-12-08;1;ACTIVO
865;ZUVERLAB5KG;ZUNCHO VERDE LABRADO 5KG 700 MTR;;1;1;16;1;1;1;;0;2021-12-08;1;ACTIVO
